origin_iso,origin_name,originregion_name,destination_iso,destination_name,destinationregion_name,countryflow_2001,countryflow_2002,countryflow_2003,countryflow_2004,countryflow_2005,countryflow_2006,countryflow_2007,countryflow_2008,countryflow_2009,countryflow_2010,countryflow_2011,countryflow_2012,countryflow_2013,countryflow_2014,countryflow_2015
AE,United Arab Emirates,Middle East,CH,Switzerland,Eurocontrol,0,0,0,0,0,0,0,0,0,0,1828,2023,2024,2218,2355
AE,United Arab Emirates,Middle East,DE,Germany,Eurocontrol,3972,4095,4969,5529,6069,7261,7048,7440,7136,7464,8037,8847,8317,8667,9219
AE,United Arab Emirates,Middle East,FR,France,Eurocontrol,1975,2294,2352,1865,2229,2623,2762,2624,2718,2817,2900,2970,3344,3491,3527
AE,United Arab Emirates,Middle East,GB,United Kingdom,Eurocontrol,5684,5660,6572,8248,9203,9434,9611,10036,9846,9430,9922,10221,11002,11141,11516
AE,United Arab Emirates,Middle East,IT,Italy,Eurocontrol,0,0,0,0,0,0,0,0,2019,2394,2528,2923,3329,3457,4864
AE,United Arab Emirates,Middle East,LB,Lebanon,Middle East,0,0,0,0,0,0,0,0,0,0,0,0,2749,3262,3639
AE,United Arab Emirates,Middle East,NL,Netherlands,Eurocontrol,0,0,2073,2453,2513,2580,2345,2110,0,2639,2877,2317,2595,2651,2710
AE,United Arab Emirates,Middle East,RU,Russia,Asia,0,0,0,0,0,0,0,0,0,0,1992,0,0,2187,0
AE,United Arab Emirates,Middle East,TR,Turkey,Eurocontrol,0,0,0,0,0,0,1998,2455,2709,2970,2989,2918,3516,3585,3348
AE,United Arab Emirates,Middle East,UA,Ukraine,Eurocontrol,0,0,0,0,0,0,0,0,0,0,0,0,2073,0,0
AE,United Arab Emirates,Middle East,US,United States,America,0,0,0,0,0,0,0,0,2582,3019,3156,3243,3690,4666,5982
AL,Albania,Eurocontrol,IT,Italy,Eurocontrol,1837,0,1961,2296,3662,3635,4099,4038,4560,5208,6013,5747,5563,4651,5250
AM,Armenia,Eurocontrol,RU,Russia,Asia,0,0,0,0,0,0,5292,5821,5564,6237,6006,6950,6291,7472,6224
AT,Austria,Eurocontrol,AT,Austria,Eurocontrol,26609,27496,26917,27130,28439,28310,29742,30166,28798,28274,23785,23752,22753,21149,19137
AT,Austria,Eurocontrol,BE,Belgium,Eurocontrol,3745,4092,3717,3743,3718,3923,4145,3954,3343,3151,2945,2587,2731,2704,2692
AT,Austria,Eurocontrol,BG,Bulgaria,Eurocontrol,0,0,0,0,2006,2089,2534,2968,2439,2767,2782,3186,2457,2328,2272
AT,Austria,Eurocontrol,CH,Switzerland,Eurocontrol,11831,11279,10825,11831,10676,8593,9136,10018,9429,9318,9792,9452,9892,9288,9427
AT,Austria,Eurocontrol,CZ,Czechia,Eurocontrol,2519,2630,2572,3060,3455,3978,4056,3483,2970,3021,3209,2716,2542,2429,2515
AT,Austria,Eurocontrol,DE,Germany,Eurocontrol,33590,33059,38609,41754,42811,44359,48850,51061,48160,48111,46996,43764,41402,42308,41965
AT,Austria,Eurocontrol,DK,Denmark,Eurocontrol,1934,2092,2389,2264,2532,2241,2253,2351,1866,2228,2310,2410,2295,2162,0
AT,Austria,Eurocontrol,EG,Egypt,Middle East,0,0,0,0,0,0,0,1862,1835,1995,0,0,0,0,0
AT,Austria,Eurocontrol,ES,Spain,Eurocontrol,3503,3570,3727,4095,4327,4955,5341,5593,4530,4863,5704,5789,5244,5778,6025
AT,Austria,Eurocontrol,FR,France,Eurocontrol,6567,6488,6358,6356,8098,8079,8849,9084,7674,7826,7594,7656,6833,6679,6660
AT,Austria,Eurocontrol,GB,United Kingdom,Eurocontrol,6896,6755,7409,8660,8789,8538,8909,8640,7807,7280,7596,7307,6593,6984,7553
AT,Austria,Eurocontrol,GR,Greece,Eurocontrol,3979,3823,4048,3892,3816,4129,4124,3905,3331,3213,2890,2732,3231,3557,3979
AT,Austria,Eurocontrol,HR,Croatia,Eurocontrol,2379,2738,2770,3252,3563,3672,3816,3890,3525,3355,3273,3133,2930,3001,3013
AT,Austria,Eurocontrol,HU,Hungary,Eurocontrol,1877,2132,1873,2398,1931,1950,1865,1872,1833,1875,1838,1848,1871,1915,1828
AT,Austria,Eurocontrol,IT,Italy,Eurocontrol,7496,7864,8741,11039,10908,11378,12477,11904,9115,9571,9766,9080,8690,9344,9007
AT,Austria,Eurocontrol,NL,Netherlands,Eurocontrol,6016,5631,5444,4536,4120,3484,3756,4121,3732,3816,3961,3971,3908,3971,3966
AT,Austria,Eurocontrol,PL,Poland,Eurocontrol,2924,2656,2879,3206,3129,2949,3200,3965,3489,3351,3651,3468,3116,2745,2686
AT,Austria,Eurocontrol,RO,Romania,Eurocontrol,0,0,0,2138,2647,3248,3959,4574,4371,4668,4294,4657,3491,3434,3241
AT,Austria,Eurocontrol,RS,Serbia,Eurocontrol,0,0,0,1837,2177,2359,2666,2896,2764,3309,3429,3969,3290,3139,2948
AT,Austria,Eurocontrol,RU,Russia,Asia,0,1914,2150,2539,2864,3413,4475,5413,4767,5120,5601,5558,6040,5820,4180
AT,Austria,Eurocontrol,SE,Sweden,Eurocontrol,0,0,0,0,2037,2507,2759,2826,2683,2683,2805,2068,0,0,0
AT,Austria,Eurocontrol,SI,Slovenia,Eurocontrol,0,0,0,2124,2603,2083,2023,2287,2050,1978,0,1858,0,0,0
AT,Austria,Eurocontrol,TR,Turkey,Eurocontrol,3889,3816,3457,3988,4192,3626,3719,3879,3505,3949,4649,4649,5190,5300,5480
AT,Austria,Eurocontrol,UA,Ukraine,Eurocontrol,0,0,2040,2293,2678,3378,3797,4289,4029,3940,3850,3643,3511,2472,2372
AZ,Azerbaijan,Asia,AZ,Azerbaijan,Asia,0,0,0,0,0,0,2883,4324,4485,2451,3658,3593,3002,2169,0
AZ,Azerbaijan,Asia,TR,Turkey,Eurocontrol,0,0,0,0,0,0,0,1879,2090,2458,3099,3610,4461,4312,4424
BE,Belgium,Eurocontrol,AT,Austria,Eurocontrol,3803,4154,3775,3694,3603,3879,4082,3937,3374,3062,3014,2704,2813,2767,2794
BE,Belgium,Eurocontrol,BE,Belgium,Eurocontrol,4714,4349,5109,5525,4800,4566,4752,5967,6299,7060,7943,6238,6221,6268,5609
BE,Belgium,Eurocontrol,CH,Switzerland,Eurocontrol,6013,5763,5221,5564,5343,5234,5885,6130,5468,5756,6097,6022,5725,5710,6074
BE,Belgium,Eurocontrol,CZ,Czechia,Eurocontrol,0,0,0,2033,2173,2097,2582,2645,2556,2321,2493,2046,2032,2029,2317
BE,Belgium,Eurocontrol,DE,Germany,Eurocontrol,21338,17249,16519,16421,16534,17711,18397,18339,16486,14631,15474,14741,13771,13595,15080
BE,Belgium,Eurocontrol,DK,Denmark,Eurocontrol,5913,4924,4615,4440,4525,3773,4094,4070,3390,3567,3902,3722,3506,3420,3970
BE,Belgium,Eurocontrol,EG,Egypt,Middle East,0,0,0,0,0,0,0,1946,0,0,0,0,0,0,0
BE,Belgium,Eurocontrol,ES,Spain,Eurocontrol,16048,13530,14876,15409,16241,16772,16845,16117,14899,16399,17750,16528,17356,19645,20901
BE,Belgium,Eurocontrol,FI,Finland,Eurocontrol,0,0,2199,2202,0,2009,2084,1904,0,0,2141,0,0,0,0
BE,Belgium,Eurocontrol,FR,France,Eurocontrol,19307,14626,14757,13709,14223,14537,15399,15515,14339,14625,15028,15414,15330,15939,16141
BE,Belgium,Eurocontrol,GB,United Kingdom,Eurocontrol,31294,30016,23812,21631,21451,21251,22255,19291,16783,15712,15912,16140,14647,14250,14533
BE,Belgium,Eurocontrol,GR,Greece,Eurocontrol,3664,2970,3697,3802,3671,3654,3579,3308,3181,3118,3453,3050,2978,3583,3714
BE,Belgium,Eurocontrol,HU,Hungary,Eurocontrol,0,0,0,0,0,0,1880,0,0,1963,1837,2112,1993,1981,2140
BE,Belgium,Eurocontrol,IE,Ireland,Eurocontrol,2976,2988,3360,3080,2482,2285,1905,2018,1960,0,0,0,1997,1964,2370
BE,Belgium,Eurocontrol,IT,Italy,Eurocontrol,16582,16078,16272,14880,13799,14494,14676,14287,14161,15503,16053,15847,15573,16514,16311
BE,Belgium,Eurocontrol,MA,Morocco,Africa,0,0,0,1908,2314,2520,2954,3036,3290,3847,4341,4175,4541,4615,4390
BE,Belgium,Eurocontrol,NL,Netherlands,Eurocontrol,7200,5403,4887,4522,4092,4517,4221,3874,3372,3129,3359,3197,3056,2945,2935
BE,Belgium,Eurocontrol,NO,Norway,Eurocontrol,0,0,0,0,0,0,0,0,0,1875,1850,0,0,0,1838
BE,Belgium,Eurocontrol,PL,Poland,Eurocontrol,2331,0,0,2110,1976,2148,2577,2687,2728,2835,2829,2824,2506,3039,3858
BE,Belgium,Eurocontrol,PT,Portugal,Eurocontrol,3350,2259,2780,3172,3175,3269,3779,4262,3988,3948,3912,3640,3660,4735,5140
BE,Belgium,Eurocontrol,RO,Romania,Eurocontrol,0,0,0,0,0,0,0,0,0,0,0,0,0,0,2233
BE,Belgium,Eurocontrol,SE,Sweden,Eurocontrol,5506,4944,6132,6336,4861,4500,4230,4027,3805,4354,4132,3968,3674,3759,3881
BE,Belgium,Eurocontrol,TR,Turkey,Eurocontrol,2998,2777,2726,3464,4410,3940,4294,4306,4484,4867,5049,5136,5348,5525,5475
BE,Belgium,Eurocontrol,US,United States,America,4759,3345,3521,3486,3324,3085,3448,4014,4025,4277,4441,3944,3767,3898,4117
BG,Bulgaria,Eurocontrol,AT,Austria,Eurocontrol,0,0,0,0,1988,2089,2515,2971,2436,2752,2778,3189,2448,2318,2262
BG,Bulgaria,Eurocontrol,BG,Bulgaria,Eurocontrol,3719,3206,2501,2852,3107,3788,4997,5799,4612,4255,4919,4372,3690,3380,3372
BG,Bulgaria,Eurocontrol,DE,Germany,Eurocontrol,3716,4549,5033,5256,5685,6010,5985,6190,5596,5467,5491,5166,5351,5924,5790
BG,Bulgaria,Eurocontrol,GB,United Kingdom,Eurocontrol,0,0,0,2145,2774,3403,3411,3522,3121,3010,3004,3021,3261,3328,3590
BG,Bulgaria,Eurocontrol,IT,Italy,Eurocontrol,0,0,0,0,0,0,2330,1884,0,0,1885,0,0,0,0
BG,Bulgaria,Eurocontrol,RU,Russia,Asia,0,0,0,0,0,0,1843,2178,2130,2798,3242,3609,3978,4169,3249
BR,Brazil,America,ES,Spain,Eurocontrol,0,0,0,0,0,1966,1929,2073,0,0,2039,1916,1905,2142,2201
BR,Brazil,America,FR,France,Eurocontrol,0,0,0,0,0,1844,2341,2761,2414,2374,2395,2099,1954,1868,1880
BR,Brazil,America,PT,Portugal,Eurocontrol,0,1830,2165,2624,2828,2760,3002,3341,2963,3294,3537,3611,3551,3700,3684
CA,Canada,America,DE,Germany,Eurocontrol,2956,2700,2900,3353,3686,3709,3777,4031,3949,4197,4309,4020,3810,3925,3901
CA,Canada,America,FR,France,Eurocontrol,3046,2815,2829,3113,3350,3558,3662,3738,3619,3721,3680,3457,3412,3406,3764
CA,Canada,America,GB,United Kingdom,Eurocontrol,8402,7725,7598,8615,9361,9485,10527,9296,8006,8083,7790,7837,7495,7416,7469
CA,Canada,America,NL,Netherlands,Eurocontrol,0,0,0,0,0,0,0,0,0,0,0,0,0,0,2072
CH,Switzerland,Eurocontrol,AE,United Arab Emirates,Middle East,0,0,0,0,0,0,0,0,0,0,0,2042,2008,2206,2360
CH,Switzerland,Eurocontrol,AT,Austria,Eurocontrol,11708,11353,10855,11792,10559,8609,9040,10027,9283,9091,9717,9337,9703,9190,9335
CH,Switzerland,Eurocontrol,BE,Belgium,Eurocontrol,5916,5766,5189,5352,5164,5168,5812,5947,5446,5831,6086,6052,5746,5657,6115
CH,Switzerland,Eurocontrol,CH,Switzerland,Eurocontrol,27942,24195,22615,19770,20994,20655,21664,21349,20927,20848,21183,20742,19895,21396,21994
CH,Switzerland,Eurocontrol,CZ,Czechia,Eurocontrol,0,0,0,2200,2651,2660,3265,2665,2473,2461,2362,2594,3042,2335,1842
CH,Switzerland,Eurocontrol,DE,Germany,Eurocontrol,42485,42651,41085,40343,39460,40195,40984,41488,38549,39040,42964,41488,38157,38552,38233
CH,Switzerland,Eurocontrol,DK,Denmark,Eurocontrol,4451,3745,3572,3803,4068,3123,3264,3462,3189,3271,3424,3124,3208,3303,3140
CH,Switzerland,Eurocontrol,EG,Egypt,Middle East,0,0,0,0,0,0,0,1900,1981,2045,0,0,0,0,0
CH,Switzerland,Eurocontrol,ES,Spain,Eurocontrol,13991,14553,13196,13447,14001,14994,15268,13637,12298,13795,17179,17921,17169,17222,17735
CH,Switzerland,Eurocontrol,FI,Finland,Eurocontrol,0,0,0,0,0,0,0,1934,0,0,2167,0,0,0,2068
CH,Switzerland,Eurocontrol,FR,France,Eurocontrol,35420,31683,28168,27680,26536,27142,28831,28457,27376,28040,28563,28528,27328,27125,25995
CH,Switzerland,Eurocontrol,GB,United Kingdom,Eurocontrol,22760,24977,25904,25304,27077,29145,31741,33838,30024,30605,31885,31618,30409,30324,29664
CH,Switzerland,Eurocontrol,GR,Greece,Eurocontrol,3414,3201,3202,3017,2888,3226,3398,3399,3536,3454,3674,3598,3269,3726,4372
CH,Switzerland,Eurocontrol,HU,Hungary,Eurocontrol,0,0,1883,2485,2581,2693,2793,2732,2832,2250,2233,0,1854,0,0
CH,Switzerland,Eurocontrol,IL,Israel,Middle East,0,0,0,0,0,0,0,0,0,0,1950,1908,1899,1917,1910
CH,Switzerland,Eurocontrol,IT,Italy,Eurocontrol,17334,15019,15476,14922,17135,15905,16653,16257,14285,14988,15387,16126,16033,15892,16204
CH,Switzerland,Eurocontrol,LU,Luxembourg,Eurocontrol,2023,1919,1835,0,0,0,0,0,0,1923,2058,2456,2165,2195,2158
CH,Switzerland,Eurocontrol,NL,Netherlands,Eurocontrol,7911,7128,7282,7891,6562,6895,7106,7133,6863,6563,7361,7789,7673,7693,7565
CH,Switzerland,Eurocontrol,PL,Poland,Eurocontrol,2640,2333,2463,2548,2675,2570,2524,2537,2467,2437,2539,2462,2541,2665,2203
CH,Switzerland,Eurocontrol,PT,Portugal,Eurocontrol,3441,3444,3472,3418,3530,3732,4630,5246,4935,5024,5264,5416,5823,6085,6639
CH,Switzerland,Eurocontrol,RS,Serbia,Eurocontrol,2499,2512,2552,2864,2976,2849,2504,2443,2474,2564,2894,3019,3240,3322,3266
CH,Switzerland,Eurocontrol,RU,Russia,Asia,2179,2267,2458,2615,2755,3044,3491,3931,3743,3868,4496,5093,5084,5064,4448
CH,Switzerland,Eurocontrol,SE,Sweden,Eurocontrol,3828,3061,2813,2367,2647,2313,2372,2463,2463,2580,3003,2812,2557,2736,2787
CH,Switzerland,Eurocontrol,TR,Turkey,Eurocontrol,3042,2754,2766,3012,3479,2684,2883,3430,3571,3900,4359,4736,5274,5467,5638
CH,Switzerland,Eurocontrol,US,United States,America,5859,4630,4782,4592,4796,4911,5509,5450,5356,5847,6172,6234,6303,6372,6404
CN,China,Asia,DE,Germany,Eurocontrol,0,0,0,2209,2737,3477,4051,4449,4240,4567,4856,4825,4868,5522,6206
CN,China,Asia,FR,France,Eurocontrol,0,0,0,2396,2674,2867,2828,2764,2456,2587,2769,3155,3191,3279,3934
CN,China,Asia,GB,United Kingdom,Eurocontrol,0,0,0,0,0,0,0,0,0,0,0,1877,2144,2464,2864
CN,China,Asia,NL,Netherlands,Eurocontrol,0,0,0,0,0,0,2449,2621,2201,2416,2984,3045,3260,3556,3394
CO,Colombia,America,ES,Spain,Eurocontrol,0,0,0,0,0,0,0,0,0,0,0,0,0,0,1836
CY,Cyprus,Eurocontrol,CY,Cyprus,Eurocontrol,2356,2512,2660,2588,2376,2039,0,0,0,0,0,0,0,0,0
CY,Cyprus,Eurocontrol,GB,United Kingdom,Eurocontrol,7696,6862,7684,7263,8113,8066,8047,8073,7816,7588,7751,7425,7003,6766,6921
CY,Cyprus,Eurocontrol,GR,Greece,Eurocontrol,3823,4358,4678,6291,6321,5773,6114,6089,6146,5904,5840,5849,4369,4749,5267
CY,Cyprus,Eurocontrol,IL,Israel,Middle East,0,2167,0,0,0,0,0,0,0,0,0,0,0,0,0
CY,Cyprus,Eurocontrol,RU,Russia,Asia,0,0,0,0,0,0,0,1905,0,2246,2791,3298,3692,4277,3435
CZ,Czechia,Eurocontrol,AT,Austria,Eurocontrol,2507,2597,2566,3020,3400,3885,4038,3477,2946,3062,3208,2728,2545,2440,2495
CZ,Czechia,Eurocontrol,BE,Belgium,Eurocontrol,0,0,0,1986,2127,2025,2558,2650,2533,2424,2503,2082,2064,2068,2403
CZ,Czechia,Eurocontrol,CH,Switzerland,Eurocontrol,0,0,0,2222,2632,2667,3261,2663,2512,2497,2385,2638,3057,2328,1840
CZ,Czechia,Eurocontrol,CZ,Czechia,Eurocontrol,4776,4870,5662,7267,7269,8386,8441,9405,10238,8241,6515,5536,4377,5040,6422
CZ,Czechia,Eurocontrol,DE,Germany,Eurocontrol,8811,9515,9749,10471,12675,13691,13563,13406,12254,11738,11392,10282,10761,9521,10001
CZ,Czechia,Eurocontrol,DK,Denmark,Eurocontrol,0,0,0,1838,0,1853,1845,0,0,1853,0,0,0,0,0
CZ,Czechia,Eurocontrol,ES,Spain,Eurocontrol,1843,1902,2242,2474,2618,2801,3446,3904,3387,3326,3344,2703,2613,2476,2711
CZ,Czechia,Eurocontrol,FR,France,Eurocontrol,3037,3297,3512,4364,4695,5232,5431,6063,5794,5930,6569,5788,5217,4797,4755
CZ,Czechia,Eurocontrol,GB,United Kingdom,Eurocontrol,3599,4774,6297,10117,11958,10407,9877,8358,6726,5674,5394,5609,5436,5759,6443
CZ,Czechia,Eurocontrol,GR,Greece,Eurocontrol,0,1902,2101,2211,2511,2857,3151,3436,3295,2900,2403,2046,2055,2452,2568
CZ,Czechia,Eurocontrol,HU,Hungary,Eurocontrol,0,0,0,2019,2e3,1968,2129,2086,1976,1944,1909,0,0,0,0
CZ,Czechia,Eurocontrol,IT,Italy,Eurocontrol,1884,2271,2774,3396,3716,4920,5966,6324,5302,4919,4807,4549,4371,4266,4647
CZ,Czechia,Eurocontrol,NL,Netherlands,Eurocontrol,0,1910,2108,2165,2170,2268,2456,2691,2401,2582,2928,2768,2772,2780,2653
CZ,Czechia,Eurocontrol,PL,Poland,Eurocontrol,0,0,0,2050,2563,2438,2491,2534,2514,2808,2945,2512,2243,2557,2749
CZ,Czechia,Eurocontrol,RU,Russia,Asia,0,1846,1906,2200,2423,2845,3678,4503,4579,4733,5679,6543,7247,6632,4714
CZ,Czechia,Eurocontrol,SK,Slovakia,Eurocontrol,2770,2838,3265,3450,3565,3547,4164,4376,3820,3726,3026,1920,0,1879,1866
CZ,Czechia,Eurocontrol,TR,Turkey,Eurocontrol,0,0,0,0,0,0,0,0,0,0,1851,1859,1866,1971,2407
DE,Germany,Eurocontrol,AE,United Arab Emirates,Middle East,3004,2874,3604,4195,4883,5614,5842,6239,6363,6586,7075,8229,8149,8246,8876
DE,Germany,Eurocontrol,AT,Austria,Eurocontrol,33519,33184,38621,41628,42825,44042,48710,50738,47747,47821,46790,43565,41272,41971,41524
DE,Germany,Eurocontrol,BE,Belgium,Eurocontrol,21775,17906,17513,17497,17169,18366,19010,18462,16184,14410,15343,14600,13487,13437,14812
DE,Germany,Eurocontrol,BG,Bulgaria,Eurocontrol,3711,4533,5011,5222,5714,6019,6049,6272,5647,5499,5529,5109,5339,5936,5741
DE,Germany,Eurocontrol,BR,Brazil,America,0,0,0,0,0,0,0,0,0,0,0,1919,1846,0,0
DE,Germany,Eurocontrol,CA,Canada,America,2858,2637,2827,3226,3657,3784,3722,3964,4020,4176,4340,4137,3981,4047,3970
DE,Germany,Eurocontrol,CH,Switzerland,Eurocontrol,42219,42314,40829,40149,39136,40205,41108,41618,38570,39636,43180,41610,38351,38617,38455
DE,Germany,Eurocontrol,CN,China,Asia,0,0,0,2220,2825,3589,3891,4231,4023,4715,5172,5154,5460,6332,6839
DE,Germany,Eurocontrol,CZ,Czechia,Eurocontrol,8823,9439,9695,10542,12659,13679,13453,13480,12270,11895,11391,10281,10664,9578,10198
DE,Germany,Eurocontrol,DE,Germany,Eurocontrol,430356,424824,407259,402660,405046,404999,411604,408568,379076,377680,379516,353471,329218,330882,330317
DE,Germany,Eurocontrol,DK,Denmark,Eurocontrol,17842,16490,16449,17329,17950,17965,17582,18890,17177,17287,17770,18071,17974,19092,20066
DE,Germany,Eurocontrol,EG,Egypt,Middle East,5934,5813,5638,7156,7341,7082,8090,8447,8291,8877,7001,8373,6700,6686,8362
DE,Germany,Eurocontrol,ES,Spain,Eurocontrol,71404,68411,73607,76570,79016,78955,84537,82420,74169,76748,77773,76005,79051,83574,83549
DE,Germany,Eurocontrol,FI,Finland,Eurocontrol,7290,6582,7098,8928,8434,8627,9703,9445,8670,8483,9678,8694,8228,8189,7902
DE,Germany,Eurocontrol,FR,France,Eurocontrol,69776,68751,65650,68232,68460,75213,75106,74107,66248,63051,67131,65132,61243,58389,57674
DE,Germany,Eurocontrol,GB,United Kingdom,Eurocontrol,71806,69137,71097,72121,74834,76818,78038,76096,71594,70452,71729,71327,70057,69964,72307
DE,Germany,Eurocontrol,GR,Greece,Eurocontrol,18469,17426,16810,17610,16774,16814,18644,18001,17584,17133,17557,15050,15583,18542,18934
DE,Germany,Eurocontrol,HR,Croatia,Eurocontrol,3924,4232,4480,4643,6160,6900,7197,7415,7343,7840,7803,7956,8263,8178,8407
DE,Germany,Eurocontrol,HU,Hungary,Eurocontrol,8181,8156,9441,11430,12598,12076,11842,11215,9846,10001,10341,9728,8747,8537,8444
DE,Germany,Eurocontrol,IE,Ireland,Eurocontrol,4064,4152,4054,4637,6124,6781,6819,7006,6571,5619,5826,5964,6020,6598,7073
DE,Germany,Eurocontrol,IL,Israel,Middle East,2035,0,0,0,0,2030,2067,2283,2695,2933,3e3,3315,3679,4054,4550
DE,Germany,Eurocontrol,IN,India,Asia,2027,1868,2126,2584,3118,3713,3704,3845,4322,4523,4266,3623,3661,3442,3389
DE,Germany,Eurocontrol,IT,Italy,Eurocontrol,56287,54988,63726,65292,70629,75472,77648,71417,64840,66084,66829,66133,62995,62921,65888
DE,Germany,Eurocontrol,JP,Japan,Asia,1842,1874,1844,2002,2089,2407,2505,2422,2294,2357,2493,2884,2919,3292,3475
DE,Germany,Eurocontrol,KR,South Korea,Asia,0,0,0,0,0,0,1896,2181,2207,2128,2116,1921,1939,1962,2191
DE,Germany,Eurocontrol,LT,Lithuania,Eurocontrol,0,0,0,2057,2603,2665,2332,2036,0,0,0,0,1859,2105,2014
DE,Germany,Eurocontrol,LU,Luxembourg,Eurocontrol,4516,4777,4072,3934,4061,4006,4157,4885,5043,5107,5754,6075,5711,5488,5703
DE,Germany,Eurocontrol,LV,Latvia,Eurocontrol,0,0,0,0,2495,2135,2820,3348,3431,3846,3852,3981,3747,3723,4075
DE,Germany,Eurocontrol,MA,Morocco,Africa,0,0,0,0,0,0,1864,2083,1986,2374,2615,2287,2957,2846,3300
DE,Germany,Eurocontrol,MT,Malta,Eurocontrol,0,0,0,0,0,0,1973,2060,1899,1972,2092,2044,2203,2244,2372
DE,Germany,Eurocontrol,NL,Netherlands,Eurocontrol,28055,25512,23142,23945,24378,27781,27429,26635,24966,24162,25841,26200,26227,26608,26586
DE,Germany,Eurocontrol,NO,Norway,Eurocontrol,4114,4373,4994,6138,6879,8294,8459,9759,10142,10485,11056,10736,10434,9340,7609
DE,Germany,Eurocontrol,PL,Poland,Eurocontrol,13963,12339,13337,17089,20643,22877,23980,26835,26115,26088,25583,27057,27111,25001,26014
DE,Germany,Eurocontrol,PT,Portugal,Eurocontrol,8852,8955,8663,8958,8740,9892,10279,10664,9815,10123,10437,10726,11398,11832,13420
DE,Germany,Eurocontrol,QA,Qatar,Middle East,0,0,0,0,0,0,0,0,0,0,2293,2417,2637,2696,2643
DE,Germany,Eurocontrol,RO,Romania,Eurocontrol,2363,2577,2824,4002,5405,5957,7376,9676,8630,8764,9172,9137,9094,8913,9731
DE,Germany,Eurocontrol,RS,Serbia,Eurocontrol,2520,3105,3037,3647,3969,4257,4404,5003,4834,5003,5784,5864,6148,5580,5788
DE,Germany,Eurocontrol,RU,Russia,Asia,10460,11535,12388,14984,15240,17219,20716,22245,20190,20289,24171,25334,24960,24814,20743
DE,Germany,Eurocontrol,SA,Saudi Arabia,Middle East,0,0,0,0,0,0,0,0,0,0,0,1885,2073,1930,1958
DE,Germany,Eurocontrol,SE,Sweden,Eurocontrol,11965,11466,12624,13909,15231,16980,17629,19343,17557,16943,17509,17079,17185,16422,17276
DE,Germany,Eurocontrol,SG,Singapore,Asia,0,0,0,0,0,0,0,0,0,1931,2166,2024,0,0,0
DE,Germany,Eurocontrol,SI,Slovenia,Eurocontrol,2102,2301,2455,2597,2958,2962,3185,3714,3122,2948,3133,3095,3004,2422,2698
DE,Germany,Eurocontrol,SK,Slovakia,Eurocontrol,0,0,0,0,2108,2178,2002,2263,0,0,0,0,0,0,0
DE,Germany,Eurocontrol,TH,Thailand,Asia,0,0,0,1992,2107,1834,2214,2185,2025,2144,2318,2073,0,1888,0
DE,Germany,Eurocontrol,TN,Tunisia,Africa,7710,5560,4717,4883,4905,4639,4474,4526,4477,4369,3107,3955,4001,4182,3058
DE,Germany,Eurocontrol,TR,Turkey,Eurocontrol,31183,34084,32906,35838,37393,34030,37107,38294,37855,43113,45003,46174,46091,49625,54146
DE,Germany,Eurocontrol,UA,Ukraine,Eurocontrol,0,0,0,1945,2557,3227,3397,3757,4577,5214,5396,5331,5310,4209,3619
DE,Germany,Eurocontrol,US,United States,America,19888,19617,21073,22263,24028,25521,27272,27596,25172,25866,27262,26951,26396,25433,25146
DK,Denmark,Eurocontrol,AT,Austria,Eurocontrol,1956,2111,2374,2270,2391,2123,2193,2268,0,2140,2232,2404,2295,2175,0
DK,Denmark,Eurocontrol,BE,Belgium,Eurocontrol,5846,4870,4608,4453,4559,3834,4121,4120,3440,3577,3875,3750,3542,3486,4073
DK,Denmark,Eurocontrol,CH,Switzerland,Eurocontrol,4464,3753,3557,3767,4059,3140,3274,3454,3160,3264,3399,3110,3166,3333,3119
DK,Denmark,Eurocontrol,CZ,Czechia,Eurocontrol,0,0,0,1852,0,1860,1855,1836,0,1850,0,0,0,0,0
DK,Denmark,Eurocontrol,DE,Germany,Eurocontrol,17965,16660,16480,17400,18068,18069,17707,18813,17071,17336,17749,18217,18184,19184,20021
DK,Denmark,Eurocontrol,DK,Denmark,Eurocontrol,51756,50537,48663,48268,45816,43145,43084,45520,43480,46860,47507,33893,33326,34014,34345
DK,Denmark,Eurocontrol,ES,Spain,Eurocontrol,4849,4760,5362,6272,6198,6169,7100,7108,7099,7859,7522,7251,8008,7971,7969
DK,Denmark,Eurocontrol,FI,Finland,Eurocontrol,4496,5324,5905,5687,6788,5855,5910,6214,5122,4715,5488,5922,4963,4141,3588
DK,Denmark,Eurocontrol,FR,France,Eurocontrol,7748,7747,6757,8049,8094,7364,7586,7012,6517,7080,7236,7170,6275,6027,6175
DK,Denmark,Eurocontrol,GB,United Kingdom,Eurocontrol,14675,14257,14523,15124,14123,13840,14251,14521,14599,13833,14104,13586,14347,13996,15258
DK,Denmark,Eurocontrol,GR,Greece,Eurocontrol,2582,2550,2462,2135,2084,2243,2230,2195,2093,2194,2331,1970,2187,2501,2675
DK,Denmark,Eurocontrol,IS,Iceland,America,0,0,0,0,0,0,1852,0,0,0,0,0,0,0,0
DK,Denmark,Eurocontrol,IT,Italy,Eurocontrol,4041,3741,3950,4440,3868,3910,4160,3992,3888,4709,4156,4336,5062,4800,5275
DK,Denmark,Eurocontrol,LT,Lithuania,Eurocontrol,1867,0,0,1978,2533,2340,1983,2034,0,2171,0,0,0,0,1872
DK,Denmark,Eurocontrol,LV,Latvia,Eurocontrol,2136,2077,2071,0,0,0,0,0,0,0,0,0,0,0,0
DK,Denmark,Eurocontrol,NL,Netherlands,Eurocontrol,4817,4756,4515,4821,5035,5461,5752,5360,5061,5013,6544,6642,6807,6942,7256
DK,Denmark,Eurocontrol,NO,Norway,Eurocontrol,17100,18884,18304,18135,17510,18749,18567,20603,16105,16180,17143,17631,18389,18758,17893
DK,Denmark,Eurocontrol,PL,Poland,Eurocontrol,4713,3996,4304,4569,4028,3539,3681,3914,3497,2911,3235,4125,4326,4348,4595
DK,Denmark,Eurocontrol,SE,Sweden,Eurocontrol,24168,20588,19808,19692,18051,15177,15799,15168,12319,12324,12294,12383,12088,12462,12768
DK,Denmark,Eurocontrol,TR,Turkey,Eurocontrol,0,0,0,1854,2385,2017,1947,2098,2263,2962,3477,3467,3771,3927,4067
DK,Denmark,Eurocontrol,US,United States,America,0,0,0,0,0,1930,2159,2073,1969,2009,1859,0,0,2152,2210
DZ,Algeria,Africa,ES,Spain,Eurocontrol,0,0,0,0,0,0,0,0,1978,2641,2787,2565,3123,3312,3575
DZ,Algeria,Africa,FR,France,Eurocontrol,7776,9980,10333,10558,10525,11636,11992,12442,13491,14771,15643,16788,18224,18984,19649
DZ,Algeria,Africa,TR,Turkey,Eurocontrol,0,0,0,0,0,0,0,0,0,0,0,0,0,1906,2289
EE,Estonia,Eurocontrol,EE,Estonia,Eurocontrol,0,0,0,0,0,0,0,1909,2444,2560,3060,3021,2493,2354,2826
EE,Estonia,Eurocontrol,FI,Finland,Eurocontrol,3502,3577,3357,3475,3489,3594,3550,3363,2767,3002,3263,4404,2920,2833,2720
EE,Estonia,Eurocontrol,LV,Latvia,Eurocontrol,0,0,0,0,0,0,0,0,2121,2607,2426,2419,0,0,1872
EE,Estonia,Eurocontrol,RU,Russia,Asia,0,0,0,0,0,0,0,0,0,0,0,2515,1935,0,0
EE,Estonia,Eurocontrol,SE,Sweden,Eurocontrol,0,0,0,0,0,0,0,2103,1851,1882,1836,2418,1879,0,1856
EG,Egypt,Middle East,AT,Austria,Eurocontrol,0,0,0,0,0,0,0,1855,1848,2009,0,0,0,0,0
EG,Egypt,Middle East,BE,Belgium,Eurocontrol,0,0,0,0,1992,1939,2148,2462,2247,2416,2071,0,0,0,0
EG,Egypt,Middle East,CH,Switzerland,Eurocontrol,0,0,0,0,0,0,0,1890,1959,2039,0,0,0,0,0
EG,Egypt,Middle East,DE,Germany,Eurocontrol,5863,5763,5672,7098,7294,7028,7928,8234,8148,8717,6778,8193,6619,6516,8199
EG,Egypt,Middle East,FR,France,Eurocontrol,2659,2425,2555,3452,3513,2676,3167,3725,3508,3846,2462,2235,0,0,0
EG,Egypt,Middle East,GB,United Kingdom,Eurocontrol,2253,2392,2665,2890,4098,5522,5474,5933,6537,7101,6071,5542,5731,5725,5570
EG,Egypt,Middle East,IT,Italy,Eurocontrol,5825,6154,7185,8229,7111,6949,8046,8486,8378,9051,5629,6719,5561,5103,3979
EG,Egypt,Middle East,LB,Lebanon,Middle East,0,0,0,0,0,0,0,0,0,2013,0,1957,2500,2324,2427
EG,Egypt,Middle East,NL,Netherlands,Eurocontrol,0,0,0,0,0,0,0,0,0,1861,1922,2051,0,0,0
EG,Egypt,Middle East,PL,Poland,Eurocontrol,0,0,0,0,0,0,1845,2954,2464,3301,2195,2775,0,0,0
EG,Egypt,Middle East,RU,Russia,Asia,0,0,2152,3118,3586,4588,6496,7654,9211,12282,7970,10328,10066,13417,10491
EG,Egypt,Middle East,TR,Turkey,Eurocontrol,0,0,0,0,0,0,0,0,1998,2591,2547,2645,3212,3391,3715
EG,Egypt,Middle East,UA,Ukraine,Eurocontrol,0,0,0,0,0,0,2411,2985,0,2259,1851,0,1834,2146,1869
ES,Spain,Eurocontrol,AT,Austria,Eurocontrol,3461,3514,3677,4027,4253,4901,5288,5564,4502,4817,5626,5649,5159,5676,5931
ES,Spain,Eurocontrol,BE,Belgium,Eurocontrol,16258,13450,14832,15317,15986,16583,16697,16030,14722,16259,17421,16530,17277,19535,20789
ES,Spain,Eurocontrol,BR,Brazil,America,0,0,0,0,0,2026,1951,2133,0,1922,2285,2130,2113,2394,2270
ES,Spain,Eurocontrol,CH,Switzerland,Eurocontrol,13886,14533,13234,13482,14042,15031,15216,13567,12283,13769,17254,17892,17140,17162,17750
ES,Spain,Eurocontrol,CO,Colombia,America,0,0,0,0,0,0,0,0,0,0,0,0,0,0,1853
ES,Spain,Eurocontrol,CZ,Czechia,Eurocontrol,1840,1929,2225,2468,2615,2743,3387,3910,3396,3296,3329,2692,2628,2509,2736
ES,Spain,Eurocontrol,DE,Germany,Eurocontrol,71188,67924,73228,76024,78627,78719,84157,81995,73808,76391,77362,75488,78592,83112,83117
ES,Spain,Eurocontrol,DK,Denmark,Eurocontrol,4797,4720,5320,6236,6186,6164,7061,7043,7095,7845,7493,7234,7954,7908,7920
ES,Spain,Eurocontrol,DZ,Algeria,Africa,0,0,0,0,0,0,0,0,1990,2639,2796,2574,3089,3272,3527
ES,Spain,Eurocontrol,ES,Spain,Eurocontrol,463888,450619,470875,493544,535396,562307,595627,566688,500337,485143,467878,393510,331553,337705,348014
ES,Spain,Eurocontrol,FI,Finland,Eurocontrol,1889,1898,2041,2179,2258,2472,3116,2857,2707,2555,3256,3383,4253,4502,4085
ES,Spain,Eurocontrol,FR,France,Eurocontrol,44710,43518,43086,45295,48591,50529,55965,57073,50304,49832,55317,54076,49476,50608,54570
ES,Spain,Eurocontrol,GB,United Kingdom,Eurocontrol,85134,90959,104798,110988,118783,120521,124078,120067,105188,97504,105923,103121,108369,113193,114391
ES,Spain,Eurocontrol,GR,Greece,Eurocontrol,0,0,0,0,0,1932,2282,2201,2304,2495,2510,1854,0,0,1933
ES,Spain,Eurocontrol,IE,Ireland,Eurocontrol,5926,6780,7884,8643,9091,10082,12029,11544,9953,8862,9733,9503,10033,10072,10615
ES,Spain,Eurocontrol,IL,Israel,Middle East,0,0,0,0,0,0,0,2039,1934,2241,2486,2240,2188,2325,2489
ES,Spain,Eurocontrol,IT,Italy,Eurocontrol,29219,29736,31812,35939,39358,42695,50610,46324,43574,48045,50458,44149,37558,39399,42742
ES,Spain,Eurocontrol,LU,Luxembourg,Eurocontrol,1947,2425,2933,2624,2109,2220,2131,2093,1839,0,1905,1873,1975,2001,1889
ES,Spain,Eurocontrol,MA,Morocco,Africa,5983,5370,5283,6091,6985,6772,8262,7822,8861,9834,9270,7740,8255,8193,8362
ES,Spain,Eurocontrol,MX,Mexico,America,0,0,0,0,0,1967,1888,1913,0,1869,1838,0,0,0,0
ES,Spain,Eurocontrol,NL,Netherlands,Eurocontrol,14609,14885,15669,15488,15651,17652,19353,18463,16076,17352,20332,19483,18829,19979,21034
ES,Spain,Eurocontrol,NO,Norway,Eurocontrol,3366,3693,4140,4524,4784,5434,6144,6936,5573,6655,7252,7746,9988,9360,8504
ES,Spain,Eurocontrol,PL,Poland,Eurocontrol,0,0,0,0,0,1913,2418,2832,2786,3363,4098,3954,3950,4447,5374
ES,Spain,Eurocontrol,PT,Portugal,Eurocontrol,16346,16437,17081,18987,20553,22240,24766,23926,21691,22715,22587,21433,20117,20290,21352
ES,Spain,Eurocontrol,RO,Romania,Eurocontrol,0,0,0,0,0,0,2952,4059,4251,4362,4595,3837,3731,3779,4045
ES,Spain,Eurocontrol,RU,Russia,Asia,0,1899,1845,2059,2557,2893,3863,4477,3549,4500,6281,7834,9358,9255,6572
ES,Spain,Eurocontrol,SE,Sweden,Eurocontrol,5942,5824,4913,5142,5316,5912,6483,6747,5092,6192,7335,7785,8969,8880,8825
ES,Spain,Eurocontrol,TR,Turkey,Eurocontrol,0,0,0,0,0,0,1869,2212,2606,3169,3451,3507,3710,4699,5077
ES,Spain,Eurocontrol,US,United States,America,4657,4010,3949,4040,4024,4379,5169,5976,6324,7068,7795,7243,6886,7325,7645
FI,Finland,Eurocontrol,BE,Belgium,Eurocontrol,0,1828,2247,2215,0,1904,1972,0,0,0,1941,0,0,0,0
FI,Finland,Eurocontrol,CH,Switzerland,Eurocontrol,0,0,0,0,0,0,0,1941,0,0,2164,0,0,0,2074
FI,Finland,Eurocontrol,DE,Germany,Eurocontrol,7310,6584,7127,8929,8420,8733,9913,9756,8746,8503,9729,8698,8215,8190,7997
FI,Finland,Eurocontrol,DK,Denmark,Eurocontrol,4809,5532,5817,5630,6721,5817,5853,6162,5042,4697,5469,5937,5002,4142,3610
FI,Finland,Eurocontrol,EE,Estonia,Eurocontrol,3505,3537,3345,3472,3479,3590,3568,3393,2765,3047,3277,4430,2935,2844,2728
FI,Finland,Eurocontrol,ES,Spain,Eurocontrol,1876,1869,2022,2176,2269,2469,3097,2850,2690,2545,3232,3366,4213,4460,4090
FI,Finland,Eurocontrol,FI,Finland,Eurocontrol,77477,70495,69516,70117,70548,72652,66237,65936,64302,60638,65022,53946,47983,46326,44455
FI,Finland,Eurocontrol,FR,France,Eurocontrol,2147,1912,0,0,0,1947,2209,2399,2473,2711,2820,2414,2555,2480,2524
FI,Finland,Eurocontrol,GB,United Kingdom,Eurocontrol,3403,2585,3321,3658,3510,4341,4397,4367,4294,4551,4679,4072,4155,4514,4667
FI,Finland,Eurocontrol,IT,Italy,Eurocontrol,0,0,0,0,0,0,1838,2258,1956,1894,2119,2064,1877,1994,2038
FI,Finland,Eurocontrol,LV,Latvia,Eurocontrol,0,0,0,0,0,0,1915,2816,3294,4040,4560,3689,3193,2776,2631
FI,Finland,Eurocontrol,NL,Netherlands,Eurocontrol,2075,0,0,1966,1980,2122,2201,2225,2195,2143,2457,1908,1854,1888,1899
FI,Finland,Eurocontrol,NO,Norway,Eurocontrol,1928,1873,2282,2207,1936,2099,2377,2516,2405,2422,2710,2302,2441,2439,2235
FI,Finland,Eurocontrol,PL,Poland,Eurocontrol,0,0,0,0,0,0,0,1852,0,0,1904,0,0,0,0
FI,Finland,Eurocontrol,RU,Russia,Asia,2443,2308,2405,2537,2435,2610,2987,3560,3204,3188,3405,3057,2776,3526,3439
FI,Finland,Eurocontrol,SE,Sweden,Eurocontrol,18824,17383,16905,17782,16373,15107,13515,13411,11843,12617,14206,14595,14820,14792,14564
FI,Finland,Eurocontrol,TR,Turkey,Eurocontrol,0,0,0,0,0,0,0,0,0,0,0,0,0,1893,2015
FR,France,Eurocontrol,AE,United Arab Emirates,Middle East,2010,2031,2091,0,2251,2598,2698,2792,2809,2878,3008,3128,3458,3536,3651
FR,France,Eurocontrol,AT,Austria,Eurocontrol,7054,6961,6945,6856,8644,8494,8947,9036,7574,7664,7554,7601,6684,6601,6654
FR,France,Eurocontrol,BE,Belgium,Eurocontrol,19502,14562,14691,13823,14288,14765,15731,16307,15301,15302,15678,15555,15385,16096,16136
FR,France,Eurocontrol,BR,Brazil,America,0,0,0,0,0,1843,2363,2773,2455,2385,2380,2119,1952,1879,1928
FR,France,Eurocontrol,CA,Canada,America,2999,2784,2822,3166,3391,3564,3628,3777,3616,3708,3713,3481,3428,3427,3816
FR,France,Eurocontrol,CH,Switzerland,Eurocontrol,35590,31947,28593,27773,26599,27242,28947,28372,27372,27732,28389,28430,27146,26788,25892
FR,France,Eurocontrol,CN,China,Asia,0,0,0,2398,2673,2889,2960,2885,2791,3058,3282,3582,3433,3537,4156
FR,France,Eurocontrol,CZ,Czechia,Eurocontrol,3031,3305,3509,4360,4675,5199,5446,6036,5771,5830,6540,5787,5208,4632,4724
FR,France,Eurocontrol,DE,Germany,Eurocontrol,69863,68656,65494,68405,68436,75194,74797,73850,65899,63534,67394,65240,61579,58496,57643
FR,France,Eurocontrol,DK,Denmark,Eurocontrol,7755,7719,6742,8031,8034,7360,7422,6821,6349,6843,6998,7114,6286,6063,6181
FR,France,Eurocontrol,DZ,Algeria,Africa,7887,10058,10282,10499,10530,11724,12093,12597,13582,14833,15673,16796,18201,18977,19666
FR,France,Eurocontrol,EG,Egypt,Middle East,2691,2541,2685,3557,3697,2882,3364,3809,3546,3896,2462,2273,0,0,0
FR,France,Eurocontrol,ES,Spain,Eurocontrol,45129,43705,43292,45345,48646,50574,56096,57206,49939,49711,55136,53927,49497,50557,54435
FR,France,Eurocontrol,FI,Finland,Eurocontrol,2167,1899,0,0,0,1950,2214,2388,2475,2686,2815,2418,2546,2473,2497
FR,France,Eurocontrol,FR,France,Eurocontrol,526606,501448,462899,430993,431134,432699,425658,421475,407575,397968,415885,414419,401388,375746,371757
FR,France,Eurocontrol,GB,United Kingdom,Eurocontrol,75288,79966,81363,82167,81466,83851,84819,80683,72699,65657,70088,68643,66456,67458,66889
FR,France,Eurocontrol,GR,Greece,Eurocontrol,5445,5119,6156,6033,5966,6026,6816,7014,7363,7229,7576,6872,6819,7884,8704
FR,France,Eurocontrol,HR,Croatia,Eurocontrol,0,0,0,0,1981,2355,2442,2531,2320,2385,2627,2570,2413,2395,2466
FR,France,Eurocontrol,HU,Hungary,Eurocontrol,2031,2177,2199,2959,3574,3472,3617,3054,3014,2612,2703,2277,2163,2237,2584
FR,France,Eurocontrol,IE,Ireland,Eurocontrol,6773,6800,7453,7696,8289,9102,9780,10659,9274,7722,7526,7484,7360,7884,8349
FR,France,Eurocontrol,IL,Israel,Middle East,1991,0,0,1951,2062,2403,2632,2755,2542,2658,2975,3022,3473,3600,3817
FR,France,Eurocontrol,IN,India,Asia,0,0,0,0,1862,2340,2171,2236,0,0,1915,0,0,1991,2193
FR,France,Eurocontrol,IT,Italy,Eurocontrol,54375,51083,54091,50440,47578,50566,56045,55781,51591,50358,54748,54608,54018,53824,55093
FR,France,Eurocontrol,JP,Japan,Asia,1968,2056,2284,2540,2818,2937,2910,2754,2441,2084,2226,2271,2253,2714,2774
FR,France,Eurocontrol,LU,Luxembourg,Eurocontrol,2750,2844,2912,2821,2829,2892,2651,2533,2415,2478,2615,2668,2744,2822,2940
FR,France,Eurocontrol,MA,Morocco,Africa,10882,11488,12490,13615,15644,17296,20218,20698,20587,22024,21256,20426,21530,21431,21103
FR,France,Eurocontrol,MQ,Martinique,America,2896,3012,2336,2653,2638,2697,2816,2768,2668,2666,2829,2907,3203,3026,3024
FR,France,Eurocontrol,MT,Malta,Eurocontrol,0,0,0,0,0,0,0,0,0,0,0,0,0,1838,0
FR,France,Eurocontrol,NL,Netherlands,Eurocontrol,17600,16570,16504,17098,15976,17080,17976,18545,16785,16136,17108,17216,17149,17634,18845
FR,France,Eurocontrol,NO,Norway,Eurocontrol,3049,2925,2632,3070,3224,3400,3945,3702,3129,3455,3787,3796,3985,4150,3905
FR,France,Eurocontrol,PL,Poland,Eurocontrol,3070,3056,3323,4215,5061,5849,5918,5742,5252,5162,5376,5280,5028,5203,5508
FR,France,Eurocontrol,PT,Portugal,Eurocontrol,11180,11343,11092,11489,10928,12363,13012,14137,14009,15260,15987,16634,18171,20006,21288
FR,France,Eurocontrol,RO,Romania,Eurocontrol,0,0,0,0,2100,2528,2874,2717,3192,3272,3426,3313,3093,3054,3440
FR,France,Eurocontrol,RS,Serbia,Eurocontrol,0,0,0,0,0,0,0,0,0,0,0,0,2074,2357,2522
FR,France,Eurocontrol,RU,Russia,Asia,3368,3926,4768,5567,6151,6740,7393,8574,7316,7551,8702,9629,10538,10044,8486
FR,France,Eurocontrol,SA,Saudi Arabia,Middle East,0,0,0,0,0,0,0,0,0,1835,0,0,0,0,0
FR,France,Eurocontrol,SE,Sweden,Eurocontrol,6661,6967,5571,6055,5462,5887,6322,6427,4873,4786,5504,5156,5637,5450,5156
FR,France,Eurocontrol,SI,Slovenia,Eurocontrol,0,0,0,0,0,0,1908,1840,0,0,0,0,0,0,0
FR,France,Eurocontrol,SN,Senegal,Western Africa,0,0,2052,1954,1910,1928,1837,0,0,0,0,0,0,0,0
FR,France,Eurocontrol,TN,Tunisia,Africa,12141,11329,10951,12231,12955,13569,14840,15586,15359,15792,12297,14463,12860,12102,11080
FR,France,Eurocontrol,TR,Turkey,Eurocontrol,4976,5113,4735,5085,5983,5976,6280,6463,6964,8772,10065,10024,10066,10853,11468
FR,France,Eurocontrol,UA,Ukraine,Eurocontrol,0,0,0,0,0,0,0,0,0,0,0,1846,2030,0,0
FR,France,Eurocontrol,US,United States,America,17884,16463,15444,16431,16913,16763,17070,18111,17054,16934,18267,17313,17354,17284,17968
GB,United Kingdom,Eurocontrol,AE,United Arab Emirates,Middle East,5134,5141,5788,7359,8242,8630,8890,9483,9567,9383,10019,10381,11039,11070,11401
GB,United Kingdom,Eurocontrol,AT,Austria,Eurocontrol,7036,6800,7461,8606,8731,8568,8919,8637,7794,7332,7609,7279,6590,6880,7552
GB,United Kingdom,Eurocontrol,BE,Belgium,Eurocontrol,31709,30390,24600,22111,21973,21844,22750,19820,17335,16086,16198,16396,15020,14550,14773
GB,United Kingdom,Eurocontrol,BG,Bulgaria,Eurocontrol,0,0,0,2152,2758,3421,3435,3566,3164,3088,3025,3018,3260,3312,3593
GB,United Kingdom,Eurocontrol,CA,Canada,America,8188,7542,7364,8384,9200,9198,10172,9032,7766,7942,7722,7689,7513,7360,7401
GB,United Kingdom,Eurocontrol,CH,Switzerland,Eurocontrol,22634,24950,25734,25179,26840,28900,31568,33779,29969,30434,31745,31498,30248,30351,29465
GB,United Kingdom,Eurocontrol,CN,China,Asia,0,0,0,0,0,0,0,0,0,0,0,1876,2150,2454,2809
GB,United Kingdom,Eurocontrol,CY,Cyprus,Eurocontrol,7705,7025,7585,7255,8062,8021,7934,8027,7716,7458,7609,7295,6935,6781,6920
GB,United Kingdom,Eurocontrol,CZ,Czechia,Eurocontrol,3593,4767,6276,10014,11964,10332,9830,8277,6698,5614,5317,5554,5335,5660,6468
GB,United Kingdom,Eurocontrol,DE,Germany,Eurocontrol,72332,70057,72004,72990,75635,77549,78971,76788,72021,71243,72257,71959,71215,70904,73302
GB,United Kingdom,Eurocontrol,DK,Denmark,Eurocontrol,14625,14180,14414,15283,14295,13980,14265,14541,14699,13948,14202,13664,14352,14017,15299
GB,United Kingdom,Eurocontrol,EG,Egypt,Middle East,1851,2073,2243,2693,4022,5326,5231,5708,6426,6972,5945,5530,5674,5689,5487
GB,United Kingdom,Eurocontrol,ES,Spain,Eurocontrol,85135,90753,104498,110688,118481,120544,123937,119952,105223,97568,106049,103116,108490,113337,114703
GB,United Kingdom,Eurocontrol,FI,Finland,Eurocontrol,3429,2638,3299,3642,3512,4336,4381,4358,4288,4558,4697,4090,4150,4503,4652
GB,United Kingdom,Eurocontrol,FR,France,Eurocontrol,75715,79758,81271,82201,81520,83975,84944,80861,72747,65681,70093,68422,66327,67188,66860
GB,United Kingdom,Eurocontrol,GB,United Kingdom,Eurocontrol,480877,474660,479986,508021,536381,543276,542168,527170,477998,445889,432437,416805,403211,388478,397870
GB,United Kingdom,Eurocontrol,GR,Greece,Eurocontrol,17857,17540,17633,17098,15966,16131,15864,15440,15141,14332,14499,14482,14856,17230,18751
GB,United Kingdom,Eurocontrol,HK,Hong Kong SAR China,Asia,2119,2095,2008,2402,2785,3465,4089,3842,3611,3152,3264,3142,2793,2936,3109
GB,United Kingdom,Eurocontrol,HR,Croatia,Eurocontrol,0,0,0,0,1939,2676,3044,2626,2814,2801,2831,3132,3589,3849,3867
GB,United Kingdom,Eurocontrol,HU,Hungary,Eurocontrol,2030,1872,1893,3669,5397,4605,4147,4607,4050,3935,4096,4511,4656,5271,5759
GB,United Kingdom,Eurocontrol,IE,Ireland,Eurocontrol,64416,62817,61988,62419,65117,62574,63653,64840,54440,50988,52831,53189,53399,56577,57670
GB,United Kingdom,Eurocontrol,IL,Israel,Middle East,0,0,0,1834,1856,2001,2085,2466,2594,2263,2323,2227,2826,2831,3096
GB,United Kingdom,Eurocontrol,IN,India,Asia,1999,1858,1845,2016,3461,5743,6204,6149,5896,5699,5952,5033,5646,5920,5818
GB,United Kingdom,Eurocontrol,IS,Iceland,America,2412,1990,2328,2826,2584,2821,3172,2487,2086,2133,2396,2544,3143,3702,4259
GB,United Kingdom,Eurocontrol,IT,Italy,Eurocontrol,38693,35477,43600,44708,48856,47118,52002,48130,46026,43066,44812,46383,45455,48586,50455
GB,United Kingdom,Eurocontrol,JP,Japan,Asia,2335,2369,2304,2556,2560,2344,2294,2269,1841,0,0,0,0,0,0
GB,United Kingdom,Eurocontrol,LT,Lithuania,Eurocontrol,0,0,0,0,0,0,0,0,0,0,1841,2351,2337,2298,2556
GB,United Kingdom,Eurocontrol,LU,Luxembourg,Eurocontrol,4494,4473,4177,4264,4522,4517,4646,4139,3619,3449,3687,3811,4063,3768,3789
GB,United Kingdom,Eurocontrol,LV,Latvia,Eurocontrol,0,0,0,0,0,1966,1872,0,0,1896,2060,0,1994,2226,2500
GB,United Kingdom,Eurocontrol,MA,Morocco,Africa,0,0,0,0,0,2523,3409,2303,2431,3006,3329,2967,3346,3989,4132
GB,United Kingdom,Eurocontrol,MT,Malta,Eurocontrol,3869,3813,3971,3933,4326,3877,4202,3833,3737,3861,3947,3901,4017,4406,4517
GB,United Kingdom,Eurocontrol,MX,Mexico,America,0,0,0,0,0,0,0,0,0,0,0,0,0,0,1909
GB,United Kingdom,Eurocontrol,NG,Nigeria,Africa,0,0,0,0,0,0,0,0,0,1859,1892,1863,0,0,0
GB,United Kingdom,Eurocontrol,NL,Netherlands,Eurocontrol,60184,58237,52245,50709,51521,54965,56727,50992,45949,43332,46327,46627,47914,49078,50357
GB,United Kingdom,Eurocontrol,NO,Norway,Eurocontrol,9899,9093,9495,11316,11559,12595,12961,13278,12840,12567,13394,14112,15924,15727,14394
GB,United Kingdom,Eurocontrol,PL,Poland,Eurocontrol,3346,3013,3233,5249,8229,13221,16563,19322,15445,15106,14855,15814,18104,16955,19637
GB,United Kingdom,Eurocontrol,PT,Portugal,Eurocontrol,13094,14253,14762,15736,17106,18388,20362,20974,19139,19018,20513,18884,19829,22142,23132
GB,United Kingdom,Eurocontrol,QA,Qatar,Middle East,0,0,0,0,0,1939,2083,2312,2251,2254,2343,2498,2455,2945,3463
GB,United Kingdom,Eurocontrol,RO,Romania,Eurocontrol,0,0,0,0,0,0,0,2260,2599,2825,2863,3172,3288,4317,5405
GB,United Kingdom,Eurocontrol,RU,Russia,Asia,2574,2578,2861,3489,3825,4392,5334,5846,5115,5156,5764,5739,5640,5696,4879
GB,United Kingdom,Eurocontrol,SA,Saudi Arabia,Middle East,0,0,0,0,0,0,0,0,0,2020,2204,2187,2064,2305,2312
GB,United Kingdom,Eurocontrol,SE,Sweden,Eurocontrol,12643,12400,12318,12473,11969,11974,11698,11927,9596,10237,12332,11300,11836,11388,11118
GB,United Kingdom,Eurocontrol,SG,Singapore,Asia,2455,2358,2670,2851,2970,2845,2851,2929,2685,2471,2534,2653,2311,2135,2178
GB,United Kingdom,Eurocontrol,SK,Slovakia,Eurocontrol,0,0,0,0,0,1930,2040,2994,2219,0,0,0,0,0,2154
GB,United Kingdom,Eurocontrol,TN,Tunisia,Africa,1888,0,0,0,1982,2163,1986,0,0,2197,0,2103,2478,2436,0
GB,United Kingdom,Eurocontrol,TR,Turkey,Eurocontrol,6716,6932,7259,8687,10903,10940,12337,13643,15201,16538,15736,15207,16256,17515,17905
GB,United Kingdom,Eurocontrol,US,United States,America,44427,43401,42828,45408,46956,48129,50565,49781,43362,41596,44414,44632,44471,45958,48271
GB,United Kingdom,Eurocontrol,ZA,South Africa,Africa,2644,2671,2757,2984,2897,2963,3133,2919,2888,2835,2814,2807,2617,2610,2521
GE,Georgia,Eurocontrol,RU,Russia,Asia,0,0,0,0,0,0,0,0,0,0,0,0,0,0,2210
GE,Georgia,Eurocontrol,TR,Turkey,Eurocontrol,0,0,0,0,0,0,0,0,0,0,0,1838,2560,3119,3038
GE,Georgia,Eurocontrol,UA,Ukraine,Eurocontrol,0,0,0,0,0,0,0,0,0,0,0,0,1830,0,0
GR,Greece,Eurocontrol,AT,Austria,Eurocontrol,3952,3744,3956,3864,3805,4180,4120,3880,3347,3198,2878,2697,3228,3590,3969
GR,Greece,Eurocontrol,BE,Belgium,Eurocontrol,3191,2543,3201,3288,3151,3153,3061,2945,2860,2844,3241,2860,2758,3312,3565
GR,Greece,Eurocontrol,CH,Switzerland,Eurocontrol,3425,3209,3226,2981,2900,3214,3403,3401,3567,3481,3662,3608,3241,3743,4359
GR,Greece,Eurocontrol,CY,Cyprus,Eurocontrol,3872,4414,4738,6326,6332,5815,6387,6148,6104,5857,5776,5784,4281,4782,5276
GR,Greece,Eurocontrol,CZ,Czechia,Eurocontrol,0,1926,2100,2219,2514,2860,3159,3452,3296,2898,2412,2070,2055,2446,2570
GR,Greece,Eurocontrol,DE,Germany,Eurocontrol,18108,17315,16857,17598,16667,16705,18515,17640,17098,16661,17070,14502,15204,18029,18483
GR,Greece,Eurocontrol,DK,Denmark,Eurocontrol,2575,2550,2446,2132,2083,2227,2219,2173,2099,2195,2349,1972,2191,2477,2671
GR,Greece,Eurocontrol,ES,Spain,Eurocontrol,0,0,0,0,0,1896,2289,2282,2302,2466,2478,1849,0,0,1886
GR,Greece,Eurocontrol,FR,France,Eurocontrol,5675,5243,6320,6041,5939,6040,6860,7188,7520,7501,7774,7046,6831,7986,8726
GR,Greece,Eurocontrol,GB,United Kingdom,Eurocontrol,17839,17617,17714,17107,16036,16150,15838,15336,15197,14360,14509,14555,14849,17261,18804
GR,Greece,Eurocontrol,GR,Greece,Eurocontrol,110724,99317,102643,114686,107335,112734,117850,112994,126426,112528,100813,93850,87941,92242,99409
GR,Greece,Eurocontrol,HU,Hungary,Eurocontrol,0,0,0,0,0,0,1830,0,0,0,0,0,0,0,0
GR,Greece,Eurocontrol,IL,Israel,Middle East,0,0,0,0,0,0,0,0,0,2418,2725,2881,2898,3431,3739
GR,Greece,Eurocontrol,IT,Italy,Eurocontrol,10323,8940,10122,10621,10390,11127,12166,11284,10067,10021,11178,9783,9794,11713,12683
GR,Greece,Eurocontrol,NL,Netherlands,Eurocontrol,5228,5086,4823,4342,4092,4883,5270,4976,4446,3988,4467,3423,3690,4432,4641
GR,Greece,Eurocontrol,NO,Norway,Eurocontrol,0,0,0,0,0,0,0,1943,0,1870,1975,2298,2311,2488,2089
GR,Greece,Eurocontrol,PL,Poland,Eurocontrol,0,0,0,0,0,0,2107,2237,2296,2273,2615,2013,2373,3473,4046
GR,Greece,Eurocontrol,RO,Romania,Eurocontrol,0,0,0,0,0,2058,2712,2670,2745,2302,1875,0,0,0,0
GR,Greece,Eurocontrol,RS,Serbia,Eurocontrol,0,0,0,0,0,0,0,0,0,0,0,0,0,1832,0
GR,Greece,Eurocontrol,RU,Russia,Asia,0,0,0,1865,0,2442,3174,3895,3053,3723,5310,6449,9288,8776,5410
GR,Greece,Eurocontrol,SE,Sweden,Eurocontrol,2468,2412,2055,1846,0,2031,2096,2087,0,1965,2243,2257,2429,3082,3156
GR,Greece,Eurocontrol,TR,Turkey,Eurocontrol,0,0,0,1932,2399,2340,2454,2418,2598,3145,3202,3559,4025,4568,5093
HK,Hong Kong SAR China,Asia,GB,United Kingdom,Eurocontrol,1826,1924,1890,2301,2665,3363,4026,3784,3551,3099,3218,3132,2769,2902,3082
HR,Croatia,Eurocontrol,AT,Austria,Eurocontrol,2385,2733,2731,3183,3474,3596,3778,3849,3507,3338,3239,3143,2939,3025,3011
HR,Croatia,Eurocontrol,CH,Switzerland,Eurocontrol,0,0,0,0,0,0,0,0,0,0,0,0,0,0,1826
HR,Croatia,Eurocontrol,DE,Germany,Eurocontrol,3916,4252,4501,4653,6228,6964,7191,7418,7318,7897,7790,7969,8216,8149,8428
HR,Croatia,Eurocontrol,FR,France,Eurocontrol,0,0,0,0,2e3,2358,2434,2512,2272,2366,2660,2616,2410,2437,2553
HR,Croatia,Eurocontrol,GB,United Kingdom,Eurocontrol,0,0,0,0,1972,2712,3071,2651,2852,2835,2871,3155,3640,3886,3928
HR,Croatia,Eurocontrol,HR,Croatia,Eurocontrol,7521,8609,10243,10836,11308,9879,10986,11676,13057,9906,9494,8614,8359,9647,9208
HR,Croatia,Eurocontrol,IT,Italy,Eurocontrol,0,0,0,0,2517,2530,2664,1911,0,2021,2140,1831,0,2127,2280
HU,Hungary,Eurocontrol,AT,Austria,Eurocontrol,1895,2072,1873,2385,1892,1903,1863,1871,0,1870,0,0,1835,1932,0
HU,Hungary,Eurocontrol,BE,Belgium,Eurocontrol,0,0,0,0,0,0,1833,0,0,1831,1836,2132,2033,2026,2176
HU,Hungary,Eurocontrol,CH,Switzerland,Eurocontrol,0,0,1877,2489,2572,2707,2792,2725,2828,2224,2223,0,1855,0,0
HU,Hungary,Eurocontrol,CZ,Czechia,Eurocontrol,0,0,0,2051,2011,1955,2094,2058,1959,1957,1949,0,0,0,0
HU,Hungary,Eurocontrol,DE,Germany,Eurocontrol,8244,8298,9478,11480,12605,12062,11842,11060,9652,9930,10199,9520,8553,8268,8271
HU,Hungary,Eurocontrol,FR,France,Eurocontrol,2059,2195,2219,2998,3612,3461,3652,3125,3149,2770,2826,2349,2223,2215,2622
HU,Hungary,Eurocontrol,GB,United Kingdom,Eurocontrol,2050,1893,1915,3701,5422,4600,4170,4636,4080,3977,4114,4545,4690,5279,5798
HU,Hungary,Eurocontrol,GR,Greece,Eurocontrol,0,0,0,0,0,0,1830,0,0,0,0,0,0,0,0
HU,Hungary,Eurocontrol,IT,Italy,Eurocontrol,0,0,2236,3429,4447,4214,4012,3539,3801,3499,3314,3025,2807,2773,3380
HU,Hungary,Eurocontrol,NL,Netherlands,Eurocontrol,0,0,1920,2071,2342,2526,2458,2134,2076,1931,2310,2086,2278,2189,2128
HU,Hungary,Eurocontrol,PL,Poland,Eurocontrol,0,0,0,0,0,1840,0,0,0,0,0,0,0,0,0
HU,Hungary,Eurocontrol,RO,Romania,Eurocontrol,0,0,2270,2890,3168,3954,4256,3872,3792,3399,3958,2355,1985,1998,1988
HU,Hungary,Eurocontrol,TR,Turkey,Eurocontrol,0,0,0,0,0,0,0,0,0,0,0,0,0,1869,2265
IE,Ireland,Eurocontrol,BE,Belgium,Eurocontrol,3018,3001,3370,3194,2645,2307,1985,2035,1834,0,0,0,1987,1949,2381
IE,Ireland,Eurocontrol,DE,Germany,Eurocontrol,4200,4177,3996,4636,6028,6736,7036,7152,6556,5521,5716,5963,6016,6550,7031
IE,Ireland,Eurocontrol,ES,Spain,Eurocontrol,5887,6782,7848,8619,9050,10069,12029,11546,9919,8832,9724,9486,10004,10046,10635
IE,Ireland,Eurocontrol,FR,France,Eurocontrol,6579,6767,7461,7724,8329,9156,9817,10682,9286,7685,7513,7532,7346,7858,8297
IE,Ireland,Eurocontrol,GB,United Kingdom,Eurocontrol,64578,62853,62024,62322,64990,62516,63292,64659,54372,50421,52238,52567,52789,55989,57058
IE,Ireland,Eurocontrol,IE,Ireland,Eurocontrol,21498,21281,21338,21365,21996,22773,23819,21750,17696,14700,9179,5667,5835,5365,5240
IE,Ireland,Eurocontrol,IT,Italy,Eurocontrol,0,2054,2635,2655,3396,4299,4654,4355,4032,3241,3261,3521,3437,3511,4128
IE,Ireland,Eurocontrol,NL,Netherlands,Eurocontrol,2836,2777,2949,2790,3043,3001,3046,3150,2729,2608,2933,2979,3101,3022,3185
IE,Ireland,Eurocontrol,PL,Poland,Eurocontrol,0,0,0,0,0,3172,5191,4144,3360,2979,2926,3025,3001,2738,2895
IE,Ireland,Eurocontrol,PT,Portugal,Eurocontrol,0,0,0,0,0,2050,2339,2225,1995,2030,2083,2099,2366,2564,2586
IE,Ireland,Eurocontrol,US,United States,America,4835,3920,4845,5011,5885,6599,7318,7764,6927,6591,6873,6295,6809,7452,8166
IL,Israel,Middle East,BE,Belgium,Eurocontrol,0,0,0,0,0,0,0,0,0,0,0,0,0,0,1917
IL,Israel,Middle East,CH,Switzerland,Eurocontrol,0,0,0,0,0,0,0,0,0,0,1946,1887,1873,1901,1894
IL,Israel,Middle East,DE,Germany,Eurocontrol,1996,1963,0,0,2013,2323,2309,2567,2931,3161,3188,3511,3782,4129,4499
IL,Israel,Middle East,ES,Spain,Eurocontrol,0,0,0,0,0,0,0,2032,1931,2246,2458,2225,2202,2318,2464
IL,Israel,Middle East,FR,France,Eurocontrol,1993,0,0,1964,2110,2426,2671,2819,2592,2748,3024,3089,3511,3682,3867
IL,Israel,Middle East,GB,United Kingdom,Eurocontrol,1937,1849,0,1864,1865,2011,2108,2452,2582,2260,2273,2226,2805,2850,3066
IL,Israel,Middle East,GR,Greece,Eurocontrol,0,0,0,0,0,0,0,0,0,2167,2527,2681,2706,3221,3560
IL,Israel,Middle East,IT,Italy,Eurocontrol,2063,0,0,1977,2322,2356,2723,3023,3343,3744,3630,3595,3833,4081,4208
IL,Israel,Middle East,RU,Russia,Asia,0,0,0,0,0,2005,2335,2974,2913,3489,3819,3762,3794,3989,3305
IL,Israel,Middle East,TR,Turkey,Eurocontrol,2783,2443,2728,2639,3028,3173,3827,4849,3744,2634,2645,3040,4595,5372,6062
IL,Israel,Middle East,UA,Ukraine,Eurocontrol,0,0,0,0,0,0,0,0,0,0,2158,2256,2011,1905,2114
IL,Israel,Middle East,US,United States,America,0,0,0,0,1896,2375,2621,2739,2740,2897,2720,2622,2666,2663,2747
IN,India,Asia,DE,Germany,Eurocontrol,0,0,0,2323,2823,3190,3250,3374,4055,4092,3881,3858,3850,3804,3710
IN,India,Asia,FR,France,Eurocontrol,0,0,0,0,1830,2077,1867,0,0,0,0,0,0,0,0
IN,India,Asia,GB,United Kingdom,Eurocontrol,2034,1957,1952,2529,4009,6283,6853,6721,6547,6294,6523,5545,6072,6070,5889
IN,India,Asia,US,United States,America,0,0,0,0,0,0,0,1898,1827,0,1850,0,0,0,0
IQ,Iraq,Middle East,TR,Turkey,Eurocontrol,0,0,0,0,0,0,0,0,0,0,1893,3346,3885,4711,6539
IR,Iran,Middle East,SY,Syria,Middle East,0,0,0,0,0,0,0,0,0,2369,0,0,0,0,0
IR,Iran,Middle East,TR,Turkey,Eurocontrol,0,0,0,0,0,0,0,1904,2566,3480,4457,5132,5809,7874,8881
IS,Iceland,America,DK,Denmark,Eurocontrol,0,0,0,0,0,0,1852,0,0,0,0,0,0,0,0
IS,Iceland,America,GB,United Kingdom,Eurocontrol,2177,1888,2365,2682,2770,3063,3223,2811,2218,2273,2361,2420,2933,3535,4024
IT,Italy,Eurocontrol,AE,United Arab Emirates,Middle East,0,0,0,0,0,0,0,0,2300,2842,2849,3241,3515,3494,4768
IT,Italy,Eurocontrol,AL,Albania,Eurocontrol,1847,0,1963,2307,3641,3629,4146,4065,4526,5166,5950,5716,5587,4697,5251
IT,Italy,Eurocontrol,AT,Austria,Eurocontrol,7463,7813,8658,10974,10769,11252,12383,11789,9088,9280,9322,8769,8386,9006,8797
IT,Italy,Eurocontrol,BE,Belgium,Eurocontrol,16839,16245,16452,15161,14039,14607,14880,14299,14033,15311,15863,15535,15338,16289,16311
IT,Italy,Eurocontrol,BG,Bulgaria,Eurocontrol,0,0,0,0,0,0,2304,1897,0,0,1877,0,0,0,0
IT,Italy,Eurocontrol,CH,Switzerland,Eurocontrol,17225,14992,15483,14694,17032,15734,16439,16278,14251,14900,15425,16051,15983,15820,16145
IT,Italy,Eurocontrol,CZ,Czechia,Eurocontrol,1888,2256,2811,3375,3684,4908,6006,6345,5290,4917,4832,4511,4350,4261,4639
IT,Italy,Eurocontrol,DE,Germany,Eurocontrol,56507,55187,63782,65250,70669,75242,77403,71469,64963,66121,67078,66238,62989,62860,66117
IT,Italy,Eurocontrol,DK,Denmark,Eurocontrol,4047,3760,3943,4426,3851,3901,4180,4005,3875,4707,4153,4322,5055,4780,5276
IT,Italy,Eurocontrol,EG,Egypt,Middle East,5545,6010,6975,8122,6942,6750,7815,8299,8276,8964,5575,6648,5482,4995,3891
IT,Italy,Eurocontrol,ES,Spain,Eurocontrol,29073,29761,31770,36006,39375,42776,50703,46521,43721,48113,50386,44115,37536,39430,42724
IT,Italy,Eurocontrol,FI,Finland,Eurocontrol,0,0,0,0,0,0,1828,2258,1945,1898,2107,2041,1863,1983,2030
IT,Italy,Eurocontrol,FR,France,Eurocontrol,54263,51017,54183,50660,47463,50348,56147,55759,51513,50373,54747,54550,54112,53728,55083
IT,Italy,Eurocontrol,GB,United Kingdom,Eurocontrol,38987,35801,43828,44996,48977,47362,52262,48517,46076,43054,44747,46387,45448,48338,50399
IT,Italy,Eurocontrol,GR,Greece,Eurocontrol,9637,8444,9748,10238,9908,10807,11834,10862,9828,9724,10899,9591,9459,11417,12244
IT,Italy,Eurocontrol,HR,Croatia,Eurocontrol,0,0,0,0,2576,2550,2698,1932,0,2073,2235,1915,0,2161,2341
IT,Italy,Eurocontrol,HU,Hungary,Eurocontrol,0,0,2211,3427,4467,4221,4034,3454,3680,3515,3294,3003,2802,2763,3286
IT,Italy,Eurocontrol,IE,Ireland,Eurocontrol,1940,2150,2762,2809,3505,4429,4821,4505,4147,3391,3405,3628,3500,3655,4269
IT,Italy,Eurocontrol,IL,Israel,Middle East,1914,0,0,1947,2316,2337,2675,3010,3344,3740,3658,3613,3839,4138,4180
IT,Italy,Eurocontrol,IT,Italy,Eurocontrol,353296,359768,366805,354120,350179,368661,391647,373725,357090,354482,354070,327110,294402,291062,280779
IT,Italy,Eurocontrol,LU,Luxembourg,Eurocontrol,2302,2249,2286,2348,2401,2437,2305,2211,2015,1934,2165,2136,2255,2326,2413
IT,Italy,Eurocontrol,MA,Morocco,Africa,1957,1833,1832,2031,2411,2595,3288,3569,3912,5227,4967,3905,4571,4514,4777
IT,Italy,Eurocontrol,MT,Malta,Eurocontrol,2054,2028,2207,2422,2561,2711,3062,2974,2761,3354,3040,2857,3101,3288,3694
IT,Italy,Eurocontrol,NL,Netherlands,Eurocontrol,12089,11721,12109,12004,12268,13120,13851,13425,12504,13090,13996,14373,13948,15403,16658
IT,Italy,Eurocontrol,NO,Norway,Eurocontrol,0,0,0,0,0,1961,2085,2086,0,2095,1962,1967,2119,1913,0
IT,Italy,Eurocontrol,PL,Poland,Eurocontrol,2260,2129,2777,3826,5047,6262,7136,5126,4933,5928,5509,5602,5506,5901,6240
IT,Italy,Eurocontrol,PT,Portugal,Eurocontrol,3903,4020,3997,4280,4721,5557,5837,5989,5197,5921,6204,6196,5834,5826,6713
IT,Italy,Eurocontrol,QA,Qatar,Middle East,0,0,0,0,0,0,0,0,0,0,0,1975,2076,2139,2200
IT,Italy,Eurocontrol,RO,Romania,Eurocontrol,2659,3474,4637,5888,8603,9341,10712,10042,10823,11808,11108,9852,9169,8806,10112
IT,Italy,Eurocontrol,RS,Serbia,Eurocontrol,0,0,0,1876,2342,2648,2654,2688,2340,2375,2536,2353,2375,2741,2251
IT,Italy,Eurocontrol,RU,Russia,Asia,2673,2868,3289,3624,4228,5436,7154,7502,6485,7559,8870,9640,11803,11731,9146
IT,Italy,Eurocontrol,SE,Sweden,Eurocontrol,2026,0,0,2765,2617,2481,2868,3175,2947,3468,3796,3137,3144,2857,2805
IT,Italy,Eurocontrol,TN,Tunisia,Africa,4709,4500,4827,5162,5497,5394,5326,5034,4553,4536,2794,3487,3614,3695,2472
IT,Italy,Eurocontrol,TR,Turkey,Eurocontrol,3061,2379,2090,2261,2873,3188,3936,4267,4318,5591,6980,7471,8522,9190,10350
IT,Italy,Eurocontrol,UA,Ukraine,Eurocontrol,0,0,0,0,0,0,1978,2002,1939,1895,2012,2184,2605,2143,0
IT,Italy,Eurocontrol,US,United States,America,7555,6713,6623,7347,7750,8284,9015,9144,7843,7782,7749,7175,7328,8233,8364
JO,Jordan,Middle East,TR,Turkey,Eurocontrol,0,0,0,0,0,0,0,0,0,0,1908,2056,2127,2453,2536
JP,Japan,Asia,DE,Germany,Eurocontrol,1841,1863,1846,2004,2063,2139,2171,2164,2093,2238,2459,2885,2931,3278,3430
JP,Japan,Asia,FR,France,Eurocontrol,1955,2052,2274,2545,2818,2939,2896,2749,2411,2051,2148,2194,2197,2833,2975
JP,Japan,Asia,GB,United Kingdom,Eurocontrol,2351,2354,2300,2556,2543,2218,2193,2181,0,0,0,0,0,0,0
KG,Kyrgyzstan,Asia,TR,Turkey,Eurocontrol,0,0,0,0,0,0,0,0,0,0,0,0,0,0,1880
KR,South Korea,Asia,DE,Germany,Eurocontrol,0,0,0,0,0,0,0,1826,0,0,1953,0,0,0,0
KW,Kuwait,Middle East,TR,Turkey,Eurocontrol,0,0,0,0,0,0,0,0,0,0,0,0,0,2128,2876
KZ,Kazakhstan,Asia,DE,Germany,Eurocontrol,0,0,0,0,0,0,2467,2684,1973,1948,0,0,0,0,0
KZ,Kazakhstan,Asia,TR,Turkey,Eurocontrol,0,0,0,0,0,1874,1995,2296,2287,2432,3124,3188,3403,3765,3399
LB,Lebanon,Middle East,AE,United Arab Emirates,Middle East,0,0,0,0,0,0,0,0,0,0,0,0,2768,3262,3625
LB,Lebanon,Middle East,EG,Egypt,Middle East,0,0,0,0,0,0,0,0,0,2110,0,2004,2551,2311,2417
LB,Lebanon,Middle East,TR,Turkey,Eurocontrol,0,0,0,0,0,0,0,0,0,0,2354,2854,2787,3149,4425
LT,Lithuania,Eurocontrol,DE,Germany,Eurocontrol,0,0,0,2074,2605,2662,2342,2050,0,0,0,0,0,2006,1978
LT,Lithuania,Eurocontrol,DK,Denmark,Eurocontrol,1873,0,0,1969,2535,2340,1982,2028,0,2159,0,0,0,0,1879
LT,Lithuania,Eurocontrol,GB,United Kingdom,Eurocontrol,0,0,0,0,0,0,0,0,0,0,1843,2354,2342,2309,2553
LT,Lithuania,Eurocontrol,LV,Latvia,Eurocontrol,0,0,0,0,0,0,0,0,2942,3013,2992,2705,2412,2202,2290
LU,Luxembourg,Eurocontrol,CH,Switzerland,Eurocontrol,2015,1944,1831,0,0,0,0,0,0,1910,2074,2495,2168,2229,2184
LU,Luxembourg,Eurocontrol,DE,Germany,Eurocontrol,4368,4701,3987,3873,4021,3924,4090,4800,4915,5027,5650,6030,5760,5347,5565
LU,Luxembourg,Eurocontrol,ES,Spain,Eurocontrol,1908,2389,2870,2481,2031,2084,2008,1922,0,0,1831,1832,1933,1966,1950
LU,Luxembourg,Eurocontrol,FR,France,Eurocontrol,3187,3360,3427,3288,3330,3335,2785,2531,2315,2414,2494,2618,2680,2719,2799
LU,Luxembourg,Eurocontrol,GB,United Kingdom,Eurocontrol,3912,3734,3505,3778,4222,4129,4102,3595,3075,3084,3151,3274,3723,3294,3227
LU,Luxembourg,Eurocontrol,IT,Italy,Eurocontrol,2307,2249,2297,2388,2464,2482,2336,2233,2055,1944,2146,2038,2167,2278,2354
LV,Latvia,Eurocontrol,DE,Germany,Eurocontrol,0,0,0,0,2485,2143,2856,3332,3445,3852,3857,3989,3763,3721,4074
LV,Latvia,Eurocontrol,DK,Denmark,Eurocontrol,2134,2073,2064,0,0,0,0,0,0,0,0,0,0,0,0
LV,Latvia,Eurocontrol,EE,Estonia,Eurocontrol,0,0,0,0,0,0,0,0,2111,2593,2411,2397,0,0,1878
LV,Latvia,Eurocontrol,FI,Finland,Eurocontrol,0,0,0,0,0,0,1897,2786,3286,4037,4568,3686,3194,2775,2630
LV,Latvia,Eurocontrol,GB,United Kingdom,Eurocontrol,0,0,0,0,0,1954,1880,0,0,1914,2042,0,1993,2224,2490
LV,Latvia,Eurocontrol,LT,Lithuania,Eurocontrol,0,0,0,0,0,0,0,0,2932,2957,2967,2697,2352,2187,2267
LV,Latvia,Eurocontrol,NO,Norway,Eurocontrol,0,0,0,0,0,0,0,0,0,1970,2160,2307,2335,2021,1945
LV,Latvia,Eurocontrol,RU,Russia,Asia,0,0,0,0,0,0,0,0,0,0,3186,3881,4188,4235,3662
LV,Latvia,Eurocontrol,SE,Sweden,Eurocontrol,0,0,0,0,0,1859,2045,2180,2302,2171,2288,0,1921,0,2323
LY,Libya,Africa,TR,Turkey,Eurocontrol,0,0,0,0,0,0,0,0,0,2291,0,3205,3575,3048,2028
MA,Morocco,Africa,BE,Belgium,Eurocontrol,0,0,0,1902,2336,2537,2940,2993,3294,3862,4370,4185,4548,4547,4366
MA,Morocco,Africa,DE,Germany,Eurocontrol,0,0,0,0,0,0,1848,2064,1984,2436,2627,2235,2961,2853,3294
MA,Morocco,Africa,ES,Spain,Eurocontrol,5546,5184,4827,5401,6079,5932,7650,7717,8841,9756,9259,7841,8312,8244,8402
MA,Morocco,Africa,FR,France,Eurocontrol,10705,11656,12653,13760,15579,17246,20180,20727,20600,21771,21111,20462,21613,21470,21072
MA,Morocco,Africa,GB,United Kingdom,Eurocontrol,0,0,0,0,0,2500,3433,2331,2451,3007,3328,2952,3340,4e3,4131
MA,Morocco,Africa,IT,Italy,Eurocontrol,1910,1859,1872,2034,2408,2625,3270,3582,3909,5241,4982,3905,4604,4501,4782
MA,Morocco,Africa,MA,Morocco,Africa,12542,15165,15203,14297,8102,20126,19852,21012,23022,24360,20319,16064,17240,19044,19259
MA,Morocco,Africa,NL,Netherlands,Eurocontrol,0,0,0,0,0,0,0,0,0,0,0,0,2220,2238,2148
MD,Moldova,Eurocontrol,RU,Russia,Asia,0,0,0,0,0,0,0,0,0,0,0,0,1831,2447,3883
MQ,Martinique,America,FR,France,Eurocontrol,3050,3112,2398,2716,2621,2730,2920,2840,2748,2791,2935,2914,3223,3047,3039
MT,Malta,Eurocontrol,DE,Germany,Eurocontrol,0,0,0,0,0,0,1974,2057,1931,1966,2105,2039,2206,2263,2398
MT,Malta,Eurocontrol,GB,United Kingdom,Eurocontrol,3874,3818,3968,3956,4300,3883,4202,3829,3702,3844,3934,3874,4039,4386,4514
MT,Malta,Eurocontrol,IT,Italy,Eurocontrol,2035,2010,2209,2381,2544,2676,3064,2915,2728,3352,3043,2877,3114,3455,3888
MX,Mexico,America,ES,Spain,Eurocontrol,0,0,0,0,1852,1991,1877,1926,0,1865,0,0,0,0,0
MX,Mexico,America,GB,United Kingdom,Eurocontrol,0,0,0,0,0,0,0,0,0,0,0,0,0,0,1893
NG,Nigeria,Africa,GB,United Kingdom,Eurocontrol,0,0,0,0,0,0,0,1835,0,0,1845,1848,0,0,0
NL,Netherlands,Eurocontrol,AE,United Arab Emirates,Middle East,0,1950,2181,2200,2349,2237,1923,0,0,2519,2722,1964,2455,2700,2641
NL,Netherlands,Eurocontrol,AT,Austria,Eurocontrol,6048,5667,5522,4585,4171,3444,3741,4124,3660,3606,4059,4154,4084,4125,4151
NL,Netherlands,Eurocontrol,BE,Belgium,Eurocontrol,7036,5302,4777,4312,3946,4532,4362,3951,3437,3341,3535,3327,3124,3021,2912
NL,Netherlands,Eurocontrol,CA,Canada,America,0,0,0,0,0,0,0,0,0,0,0,0,0,0,2058
NL,Netherlands,Eurocontrol,CH,Switzerland,Eurocontrol,7908,7117,7244,7858,6521,6898,7129,7157,6874,6584,7388,7787,7676,7703,7534
NL,Netherlands,Eurocontrol,CN,China,Asia,0,0,0,0,0,0,1956,2192,1948,2434,2721,2943,3169,3314,3224
NL,Netherlands,Eurocontrol,CZ,Czechia,Eurocontrol,0,1914,2110,2168,2157,2282,2463,2675,2364,2479,2888,2737,2761,2791,2737
NL,Netherlands,Eurocontrol,DE,Germany,Eurocontrol,28074,25649,23368,24220,24605,28089,27706,27068,25456,24522,26291,26449,26325,26810,26883
NL,Netherlands,Eurocontrol,DK,Denmark,Eurocontrol,4940,4858,4571,4871,5054,5494,5792,5494,5253,5106,6681,6803,6982,7131,7398
NL,Netherlands,Eurocontrol,ES,Spain,Eurocontrol,14682,14862,15577,15463,15679,17663,19456,18514,16230,17468,20454,19666,19025,20261,21195
NL,Netherlands,Eurocontrol,FI,Finland,Eurocontrol,2079,0,0,1950,1963,2128,2192,2213,2168,2109,2442,1898,1854,1889,1904
NL,Netherlands,Eurocontrol,FR,France,Eurocontrol,17636,16736,16517,17317,16145,17197,18202,18644,16901,16312,17267,17295,17176,17619,19017
NL,Netherlands,Eurocontrol,GB,United Kingdom,Eurocontrol,60213,58031,51988,50549,51292,54261,56154,50677,45657,43213,46186,46524,47770,48997,50376
NL,Netherlands,Eurocontrol,GR,Greece,Eurocontrol,4883,4725,4447,4120,4069,4877,5256,4953,4347,3889,4351,3404,3684,4436,4606
NL,Netherlands,Eurocontrol,HU,Hungary,Eurocontrol,0,0,1956,2073,2323,2510,2452,2161,2099,1913,2311,2080,2274,2247,2156
NL,Netherlands,Eurocontrol,IE,Ireland,Eurocontrol,2923,2738,2866,2794,3056,3018,3090,3196,2761,2617,2952,2984,3089,3009,3190
NL,Netherlands,Eurocontrol,IT,Italy,Eurocontrol,12089,11674,12148,11967,12298,13262,14016,13663,12800,13398,14241,14624,14134,15590,16900
NL,Netherlands,Eurocontrol,MA,Morocco,Africa,0,0,0,0,0,0,0,0,0,0,0,0,2214,2223,2142
NL,Netherlands,Eurocontrol,NL,Netherlands,Eurocontrol,23428,24423,18081,18220,15349,13134,15187,15014,14372,16624,14997,12481,11037,9921,7913
NL,Netherlands,Eurocontrol,NO,Norway,Eurocontrol,5850,5911,6283,7033,6821,7430,7779,7961,7857,7580,8355,9200,9528,9657,9637
NL,Netherlands,Eurocontrol,PL,Poland,Eurocontrol,0,0,0,2001,2263,2217,2349,2397,2194,2492,2724,3206,3397,3863,4281
NL,Netherlands,Eurocontrol,PT,Portugal,Eurocontrol,3417,3662,3480,3710,3874,4195,4120,4364,3968,4109,4511,5007,5650,5551,5827
NL,Netherlands,Eurocontrol,RO,Romania,Eurocontrol,0,0,0,0,0,0,0,0,0,0,0,0,0,1917,1921
NL,Netherlands,Eurocontrol,RU,Russia,Asia,0,0,0,0,0,0,1870,2223,2236,2636,2807,2846,2648,3129,3233
NL,Netherlands,Eurocontrol,SE,Sweden,Eurocontrol,6438,4827,4686,4749,4486,4641,4794,5792,4958,5106,5552,5691,5671,5708,5516
NL,Netherlands,Eurocontrol,TR,Turkey,Eurocontrol,5261,6195,6330,7965,8515,7294,6950,6806,6853,7734,8190,8598,9428,9787,9829
NL,Netherlands,Eurocontrol,US,United States,America,11033,10984,11233,11760,12606,12109,12661,13465,11528,11082,11670,11155,11140,11128,11523
NO,Norway,Eurocontrol,BE,Belgium,Eurocontrol,0,0,0,0,0,0,0,0,0,1836,0,0,0,0,0
NO,Norway,Eurocontrol,DE,Germany,Eurocontrol,4183,4426,4905,6150,6789,8269,8561,10041,10490,10796,11489,11003,10633,9517,7842
NO,Norway,Eurocontrol,DK,Denmark,Eurocontrol,16971,18810,18495,18295,17669,18861,18698,20723,16227,16322,17192,17744,18481,18903,17955
NO,Norway,Eurocontrol,ES,Spain,Eurocontrol,3362,3673,4114,4517,4772,5397,6133,6913,5528,6608,7224,7731,9955,9304,8476
NO,Norway,Eurocontrol,FI,Finland,Eurocontrol,2214,2173,2555,2487,2180,2250,2378,2536,2412,2420,2696,2331,2482,2420,2230
NO,Norway,Eurocontrol,FR,France,Eurocontrol,3051,2953,2644,3086,3213,3420,3937,3682,3148,3438,3765,3790,4002,4145,3905
NO,Norway,Eurocontrol,GB,United Kingdom,Eurocontrol,9955,9085,9431,11306,11565,12574,12926,13247,12804,12591,13394,14100,15888,15665,14289
NO,Norway,Eurocontrol,GR,Greece,Eurocontrol,0,0,0,0,0,0,0,1939,0,1865,1973,2305,2312,2489,2077
NO,Norway,Eurocontrol,IT,Italy,Eurocontrol,0,0,0,0,0,1948,2087,2088,0,2093,1959,1946,2068,1895,0
NO,Norway,Eurocontrol,LV,Latvia,Eurocontrol,0,0,0,0,0,0,0,0,0,1963,2156,2300,2326,2011,1948
NO,Norway,Eurocontrol,NL,Netherlands,Eurocontrol,5852,5913,6272,7037,6798,7405,7767,7940,7812,7530,8366,9180,9500,9673,9652
NO,Norway,Eurocontrol,NO,Norway,Eurocontrol,264228,241664,243897,245526,248760,254837,263234,260249,254143,253317,259902,267971,268298,273512,269004
NO,Norway,Eurocontrol,PL,Poland,Eurocontrol,0,0,0,0,0,0,2256,2848,2558,3106,3222,4259,5543,5703,6685
NO,Norway,Eurocontrol,SE,Sweden,Eurocontrol,10761,9373,8905,9373,9341,10318,9504,9995,8972,9502,10495,10052,9951,11417,10613
NO,Norway,Eurocontrol,TR,Turkey,Eurocontrol,0,0,0,0,0,0,0,0,0,1842,2382,2694,2841,2344,2345
PL,Poland,Eurocontrol,AT,Austria,Eurocontrol,2925,2653,2915,3220,3139,2920,3211,3992,3504,3361,3641,3457,3129,2772,2685
PL,Poland,Eurocontrol,BE,Belgium,Eurocontrol,2272,0,0,1995,1835,2035,2443,2644,2659,2780,2779,2769,2390,2940,3691
PL,Poland,Eurocontrol,CH,Switzerland,Eurocontrol,2643,2320,2471,2540,2669,2566,2493,2553,2472,2444,2527,2459,2536,2677,2195
PL,Poland,Eurocontrol,CZ,Czechia,Eurocontrol,0,0,0,2107,2610,2484,2591,2569,2578,2870,2990,2628,2451,2582,2802
PL,Poland,Eurocontrol,DE,Germany,Eurocontrol,13986,12392,13409,17216,20732,22962,23862,26837,26102,25990,25425,26904,26899,24955,25839
PL,Poland,Eurocontrol,DK,Denmark,Eurocontrol,4723,3985,4291,4574,4023,3556,3701,3948,3507,2929,3251,4115,4315,4360,4600
PL,Poland,Eurocontrol,EG,Egypt,Middle East,0,0,0,0,0,0,1841,2956,2463,3279,2197,2760,0,0,0
PL,Poland,Eurocontrol,ES,Spain,Eurocontrol,0,0,0,0,0,1907,2426,2841,2833,3376,4150,3968,3960,4448,5316
PL,Poland,Eurocontrol,FI,Finland,Eurocontrol,0,0,0,0,0,0,0,1865,0,0,1902,0,0,0,0
PL,Poland,Eurocontrol,FR,France,Eurocontrol,3074,3057,3292,4214,5056,5847,5993,5789,5173,5195,5536,5448,5196,5369,5707
PL,Poland,Eurocontrol,GB,United Kingdom,Eurocontrol,3285,2999,3202,5256,8243,13208,16647,19320,15498,15135,14881,15805,18122,16988,19710
PL,Poland,Eurocontrol,GR,Greece,Eurocontrol,0,0,0,0,0,0,2112,2227,2311,2276,2612,2022,2361,3460,4042
PL,Poland,Eurocontrol,IE,Ireland,Eurocontrol,0,0,0,0,0,3159,5195,4169,3361,2982,2922,3023,3009,2737,2907
PL,Poland,Eurocontrol,IT,Italy,Eurocontrol,2218,2117,2727,3811,5050,6269,7124,5132,4927,5967,5509,5591,5498,5887,6321
PL,Poland,Eurocontrol,NL,Netherlands,Eurocontrol,0,0,0,2026,2256,2208,2352,2407,2185,2478,2732,3218,3397,3865,4262
PL,Poland,Eurocontrol,NO,Norway,Eurocontrol,0,0,0,0,0,0,2255,2844,2555,3095,3218,4268,5523,5701,6674
PL,Poland,Eurocontrol,PL,Poland,Eurocontrol,33462,33104,34348,35454,33616,38645,39963,39229,37007,36016,39044,47928,37459,37998,35671
PL,Poland,Eurocontrol,RU,Russia,Asia,0,0,0,0,0,0,1873,1850,0,2005,2517,2653,2526,2242,1969
PL,Poland,Eurocontrol,SE,Sweden,Eurocontrol,0,0,0,1827,2055,2804,3352,3293,2976,2595,2809,3184,3495,3536,4075
PL,Poland,Eurocontrol,TR,Turkey,Eurocontrol,0,0,0,0,0,0,0,2157,2282,2405,2650,2304,2330,2706,2832
PL,Poland,Eurocontrol,UA,Ukraine,Eurocontrol,0,0,0,0,0,0,1841,1948,1940,2109,2308,2874,2369,2623,2537
PT,Portugal,Eurocontrol,BE,Belgium,Eurocontrol,3434,2500,2929,3215,3274,3236,3747,4154,3974,3976,4123,3888,3979,5082,5519
PT,Portugal,Eurocontrol,BR,Brazil,America,0,0,2152,2609,2867,2803,3100,3448,2995,3300,3549,3607,3558,3705,3684
PT,Portugal,Eurocontrol,CH,Switzerland,Eurocontrol,3436,3431,3432,3369,3493,3720,4580,5224,4893,4959,5238,5385,5819,6071,6610
PT,Portugal,Eurocontrol,DE,Germany,Eurocontrol,9119,9256,8988,9354,8777,9826,10266,10611,9796,10114,10352,10631,11255,11741,13261
PT,Portugal,Eurocontrol,ES,Spain,Eurocontrol,15728,15780,16559,18498,20166,21857,24236,23380,21235,22322,22056,20932,19686,19793,20744
PT,Portugal,Eurocontrol,FR,France,Eurocontrol,11230,11359,11160,11556,11084,12669,13217,14393,14155,15312,15936,16645,18047,19870,21158
PT,Portugal,Eurocontrol,GB,United Kingdom,Eurocontrol,13137,14316,14807,15737,17171,18465,20504,21145,19233,19169,20557,18991,19960,22245,23304
PT,Portugal,Eurocontrol,IE,Ireland,Eurocontrol,0,0,0,0,0,2041,2353,2239,2017,2035,2113,2110,2375,2588,2617
PT,Portugal,Eurocontrol,IT,Italy,Eurocontrol,3903,3997,3971,4268,4736,5542,5803,5924,5166,5903,6154,6190,5821,5784,6663
PT,Portugal,Eurocontrol,NL,Netherlands,Eurocontrol,3410,3686,3466,3716,3904,4242,4190,4367,4031,4077,4522,5015,5627,5490,5805
PT,Portugal,Eurocontrol,PT,Portugal,Eurocontrol,47782,47725,47125,48295,48484,48649,48664,48143,49365,48374,45805,42942,41144,42077,44330
PT,Portugal,Eurocontrol,US,United States,America,0,0,0,0,0,0,0,0,0,0,0,0,0,1833,0
QA,Qatar,Middle East,DE,Germany,Eurocontrol,0,0,0,0,0,0,0,0,0,0,2203,2440,2572,2609,2556
QA,Qatar,Middle East,GB,United Kingdom,Eurocontrol,0,0,0,0,0,1892,2095,2322,2273,2258,2326,2505,2454,3103,3714
QA,Qatar,Middle East,IT,Italy,Eurocontrol,0,0,0,0,0,0,0,0,0,0,0,1973,2054,2010,1995
QA,Qatar,Middle East,TR,Turkey,Eurocontrol,0,0,0,0,0,0,0,0,0,0,0,0,0,1953,2995
QA,Qatar,Middle East,US,United States,America,0,0,0,0,0,0,0,0,0,0,0,0,0,2044,2480
RO,Romania,Eurocontrol,AT,Austria,Eurocontrol,0,0,0,2152,2662,3238,3925,4577,4375,4672,4298,4648,3500,3405,3244
RO,Romania,Eurocontrol,BE,Belgium,Eurocontrol,0,0,0,0,0,0,0,0,0,0,0,0,0,0,2229
RO,Romania,Eurocontrol,DE,Germany,Eurocontrol,2382,2558,2909,3988,5413,6016,7609,10069,8762,8899,9255,9394,9393,9175,9916
RO,Romania,Eurocontrol,ES,Spain,Eurocontrol,0,0,0,0,0,0,2946,4077,4271,4361,4616,3832,3734,3783,4051
RO,Romania,Eurocontrol,FR,France,Eurocontrol,0,0,0,0,2076,2518,2888,2733,3219,3239,3374,3325,3099,3065,3442
RO,Romania,Eurocontrol,GB,United Kingdom,Eurocontrol,0,0,0,0,0,0,0,2262,2573,2823,2873,3203,3262,4330,5406
RO,Romania,Eurocontrol,GR,Greece,Eurocontrol,0,0,0,0,0,2075,2712,2690,2747,2286,1848,0,0,0,0
RO,Romania,Eurocontrol,HU,Hungary,Eurocontrol,0,0,2280,2888,3180,3989,4247,3865,3811,3414,3972,2364,1994,1995,2037
RO,Romania,Eurocontrol,IT,Italy,Eurocontrol,2664,3457,4613,5898,8625,9353,10709,10026,10864,11868,11184,9839,9163,8712,10134
RO,Romania,Eurocontrol,NL,Netherlands,Eurocontrol,0,0,0,0,0,0,0,0,0,0,0,0,0,1925,1930
RO,Romania,Eurocontrol,RO,Romania,Eurocontrol,11384,12505,14255,14250,17564,18020,19610,22105,26659,27536,20902,18374,15423,13803,13280
RO,Romania,Eurocontrol,TR,Turkey,Eurocontrol,0,0,0,0,0,0,2172,2523,2413,2314,2639,2729,2727,2840,2860
RS,Serbia,Eurocontrol,AT,Austria,Eurocontrol,0,0,0,0,2171,2348,2646,2878,2760,3299,3433,3977,3288,3131,2946
RS,Serbia,Eurocontrol,CH,Switzerland,Eurocontrol,2497,2496,2528,2890,2965,2859,2524,2433,2491,2578,2892,3036,3271,3336,3293
RS,Serbia,Eurocontrol,DE,Germany,Eurocontrol,2442,3032,2992,3625,3915,4198,4357,4985,4768,4963,5670,5831,6098,5445,5665
RS,Serbia,Eurocontrol,FR,France,Eurocontrol,0,0,0,0,0,0,0,0,0,0,0,0,2125,2390,2546
RS,Serbia,Eurocontrol,GR,Greece,Eurocontrol,0,0,0,0,0,0,0,0,0,0,0,0,0,1841,0
RS,Serbia,Eurocontrol,IT,Italy,Eurocontrol,0,0,0,1848,2347,2623,2651,2677,2362,2396,2524,2408,2371,2747,2265
RS,Serbia,Eurocontrol,RS,Serbia,Eurocontrol,2107,7415,8212,8873,8074,8869,9323,9839,8402,8985,8308,7986,7826,7176,7643
RS,Serbia,Eurocontrol,RU,Russia,Asia,0,0,0,0,0,0,2080,2494,2365,2623,2851,3024,3780,4064,3834
RS,Serbia,Eurocontrol,SI,Slovenia,Eurocontrol,0,0,0,0,0,0,0,0,0,1865,0,0,0,0,0
RS,Serbia,Eurocontrol,TR,Turkey,Eurocontrol,0,0,0,0,0,0,0,0,0,0,0,2312,3119,3433,3356
RU,Russia,Asia,AE,United Arab Emirates,Middle East,0,0,0,0,0,0,0,0,0,0,2439,2741,2874,3328,2598
RU,Russia,Asia,AM,Armenia,Eurocontrol,0,0,0,0,0,0,5227,5771,5535,6245,5998,6916,6274,7496,6210
RU,Russia,Asia,AT,Austria,Eurocontrol,0,1914,2163,2557,2834,3417,4491,5393,4904,5319,5756,5739,6302,6074,4425
RU,Russia,Asia,BG,Bulgaria,Eurocontrol,0,0,0,0,0,0,1865,2164,2116,2824,3245,3622,3992,4148,3248
RU,Russia,Asia,CH,Switzerland,Eurocontrol,2169,2260,2513,2644,2811,2998,3465,3937,3739,3829,4465,4991,5067,5033,4432
RU,Russia,Asia,CY,Cyprus,Eurocontrol,0,0,0,0,0,0,0,1922,0,2272,2775,3296,3677,4279,3434
RU,Russia,Asia,CZ,Czechia,Eurocontrol,0,0,1852,2129,2307,2725,3571,4496,4540,4717,5689,6600,7249,6636,4711
RU,Russia,Asia,DE,Germany,Eurocontrol,10495,11603,12433,14944,15317,17171,20827,22362,20428,20593,24851,25713,25431,25352,21042
RU,Russia,Asia,EE,Estonia,Eurocontrol,0,0,0,0,0,0,0,0,0,0,0,2517,1893,0,0
RU,Russia,Asia,EG,Egypt,Middle East,0,0,2234,3117,3598,4572,6522,7660,9203,12242,8102,10427,10121,13476,10429
RU,Russia,Asia,ES,Spain,Eurocontrol,0,1860,0,2042,2518,2864,3860,4413,3513,4451,6256,7788,9298,9233,6590
RU,Russia,Asia,FI,Finland,Eurocontrol,2413,2237,2408,2540,2445,2543,2949,3607,3179,3180,3420,3053,2806,3562,3511
RU,Russia,Asia,FR,France,Eurocontrol,3391,3963,4739,5595,6079,6693,7251,8631,7199,7454,8617,9565,10348,9967,8431
RU,Russia,Asia,GB,United Kingdom,Eurocontrol,2694,2632,2961,3567,3848,4462,5369,5901,5145,5216,5922,5746,5732,5755,5015
RU,Russia,Asia,GE,Georgia,Eurocontrol,0,0,0,0,0,0,0,0,0,0,0,0,0,0,2216
RU,Russia,Asia,GR,Greece,Eurocontrol,0,0,0,0,0,2425,3170,3881,3049,3757,5274,6399,9250,8762,5419
RU,Russia,Asia,IL,Israel,Middle East,0,0,0,0,0,1983,2303,2968,2916,3465,3824,3799,3810,3963,3299
RU,Russia,Asia,IT,Italy,Eurocontrol,2623,2837,3260,3606,4199,5451,7196,7459,6429,7506,8812,9643,11753,11734,9185
RU,Russia,Asia,LV,Latvia,Eurocontrol,0,0,0,0,0,0,0,0,0,0,3187,3911,4215,4256,3696
RU,Russia,Asia,MD,Moldova,Eurocontrol,0,0,0,0,0,0,0,0,0,0,0,0,1838,2435,3880
RU,Russia,Asia,NL,Netherlands,Eurocontrol,0,0,0,0,0,0,0,2058,2179,2637,2762,2838,2688,3219,3279
RU,Russia,Asia,PL,Poland,Eurocontrol,0,0,0,0,0,0,1934,1953,0,2041,2553,2714,2572,2303,2e3
RU,Russia,Asia,RS,Serbia,Eurocontrol,0,0,0,0,0,0,2073,2536,2399,2607,2896,3083,3846,4132,3900
RU,Russia,Asia,RU,Russia,Asia,0,0,2268,0,2223,10613,14806,18519,13364,10319,12545,11591,12013,12264,12461
RU,Russia,Asia,SE,Sweden,Eurocontrol,0,0,0,0,0,0,0,1826,0,0,1833,1993,0,1871,0
RU,Russia,Asia,TR,Turkey,Eurocontrol,7102,8471,9448,11592,12634,12362,14570,16236,16216,18846,20691,20855,23996,26151,21873
RU,Russia,Asia,UA,Ukraine,Eurocontrol,0,2134,7998,9440,9945,10496,10997,12028,11200,13901,16434,19410,21708,10817,7393
RU,Russia,Asia,US,United States,America,0,0,0,0,0,0,0,0,2081,2049,2391,2478,2787,2773,2687
SA,Saudi Arabia,Middle East,DE,Germany,Eurocontrol,0,0,0,0,0,0,0,0,0,0,0,0,1833,0,1868
SA,Saudi Arabia,Middle East,GB,United Kingdom,Eurocontrol,0,0,0,0,0,0,0,0,0,1999,2131,2104,1953,2298,2281
SA,Saudi Arabia,Middle East,TR,Turkey,Eurocontrol,0,0,1860,2319,2648,3004,3658,4234,4033,4789,6206,7197,8061,9576,10607
SE,Sweden,Eurocontrol,AT,Austria,Eurocontrol,0,0,0,0,2053,2496,2632,2752,2652,2662,2746,2041,0,0,1847
SE,Sweden,Eurocontrol,BE,Belgium,Eurocontrol,5317,4610,5999,6204,4734,4318,4023,3867,3830,4337,4145,3977,3735,3789,3878
SE,Sweden,Eurocontrol,CH,Switzerland,Eurocontrol,3841,3071,2795,2332,2660,2309,2366,2480,2479,2604,2979,2830,2558,2713,2761
SE,Sweden,Eurocontrol,DE,Germany,Eurocontrol,11779,11296,12524,13820,15121,16779,17303,18908,17319,16708,17334,16959,16972,16323,17397
SE,Sweden,Eurocontrol,DK,Denmark,Eurocontrol,24272,20809,20192,19885,18305,15424,15912,15085,12058,12317,12310,12575,12283,12703,12775
SE,Sweden,Eurocontrol,EE,Estonia,Eurocontrol,0,0,0,0,0,0,0,2052,1855,1851,1845,2427,1868,0,1902
SE,Sweden,Eurocontrol,ES,Spain,Eurocontrol,5882,5794,4926,5137,5318,5912,6508,6718,5065,6177,7312,7770,8936,8860,8789
SE,Sweden,Eurocontrol,FI,Finland,Eurocontrol,18855,17562,16621,17409,16077,14920,13661,13654,11687,12521,14026,14314,14512,14507,14405
SE,Sweden,Eurocontrol,FR,France,Eurocontrol,6639,7061,5574,6093,5515,5891,6356,6452,4865,4747,5465,5130,5607,5435,5141
SE,Sweden,Eurocontrol,GB,United Kingdom,Eurocontrol,12797,12360,12154,12406,11876,11998,11737,11859,9634,10241,12359,11268,11929,11473,11241
SE,Sweden,Eurocontrol,GR,Greece,Eurocontrol,2444,2388,2037,0,0,2044,2072,2088,0,1961,2235,2239,2413,3055,3135
SE,Sweden,Eurocontrol,IT,Italy,Eurocontrol,2053,0,0,2802,2657,2503,2865,3176,2918,3470,3779,3106,3132,2840,2759
SE,Sweden,Eurocontrol,LV,Latvia,Eurocontrol,0,0,0,0,0,1845,2038,2189,2301,2173,2283,0,1904,0,2315
SE,Sweden,Eurocontrol,NL,Netherlands,Eurocontrol,6424,4868,4815,4757,4500,4651,4734,5613,5020,4983,5368,5450,5444,5518,5333
SE,Sweden,Eurocontrol,NO,Norway,Eurocontrol,11019,9580,9111,9710,9563,10409,9536,10250,9222,9796,10943,10385,10226,11551,10632
SE,Sweden,Eurocontrol,PL,Poland,Eurocontrol,0,0,0,1830,2020,2773,3322,3297,2965,2582,2804,3171,3465,3527,4129
SE,Sweden,Eurocontrol,RU,Russia,Asia,0,0,0,0,0,0,0,1843,0,0,0,1929,0,1917,0
SE,Sweden,Eurocontrol,SE,Sweden,Eurocontrol,200005,186882,174897,175028,168613,162704,158065,155510,144408,142537,153099,146977,148047,147135,144030
SE,Sweden,Eurocontrol,TR,Turkey,Eurocontrol,0,0,0,0,1970,0,0,2022,2089,2881,3782,4160,4845,4737,4485
SG,Singapore,Asia,DE,Germany,Eurocontrol,0,0,0,0,0,0,0,0,0,1933,2144,2025,0,0,0
SG,Singapore,Asia,GB,United Kingdom,Eurocontrol,2382,2349,2617,2838,2961,2849,2838,2905,2656,2456,2527,2647,2300,2131,2173
SI,Slovenia,Eurocontrol,AT,Austria,Eurocontrol,0,0,0,2130,2618,2110,2002,2288,2049,1965,0,1874,0,0,0
SI,Slovenia,Eurocontrol,DE,Germany,Eurocontrol,2100,2317,2491,2629,2958,2977,3174,3412,3040,2939,3050,3018,2830,2467,2667
SI,Slovenia,Eurocontrol,FR,France,Eurocontrol,0,0,0,0,0,0,1902,1905,0,0,0,0,0,0,0
SI,Slovenia,Eurocontrol,RS,Serbia,Eurocontrol,0,0,0,0,0,0,0,0,0,1870,0,0,0,0,0
SK,Slovakia,Eurocontrol,CZ,Czechia,Eurocontrol,2753,2852,3320,3441,3574,3529,4180,4378,3836,3752,3024,1907,0,1875,1908
SK,Slovakia,Eurocontrol,DE,Germany,Eurocontrol,0,0,0,0,2119,2203,2026,2299,0,0,0,0,0,0,0
SK,Slovakia,Eurocontrol,GB,United Kingdom,Eurocontrol,0,0,0,0,0,1925,2043,2979,2234,0,0,0,0,0,2138
SK,Slovakia,Eurocontrol,SK,Slovakia,Eurocontrol,2268,2877,2870,2880,3085,2475,3760,3755,4313,3228,2809,2545,2111,2075,2294
SN,Senegal,Western Africa,FR,France,Eurocontrol,0,0,2139,2073,2061,2046,1940,0,0,0,0,0,0,0,0
TH,Thailand,Asia,DE,Germany,Eurocontrol,0,0,0,1832,1926,0,2034,2066,1953,1992,1990,0,0,0,0
TJ,Tajikistan,Asia,TR,Turkey,Eurocontrol,0,0,0,0,0,0,0,0,0,0,0,0,1836,0,0
TN,Tunisia,Africa,DE,Germany,Eurocontrol,7692,5535,4689,4876,4884,4625,4457,4516,4457,4335,3081,3912,3934,4137,3025
TN,Tunisia,Africa,FR,France,Eurocontrol,12108,11290,11002,12201,12883,13456,14789,15508,15266,15768,12377,14472,12904,12106,11074
TN,Tunisia,Africa,GB,United Kingdom,Eurocontrol,1884,0,0,0,1999,2172,1983,0,0,2205,0,2099,2469,2426,0
TN,Tunisia,Africa,IT,Italy,Eurocontrol,4694,4518,4849,5153,5520,5410,5320,5035,4585,4547,2800,3514,3637,3713,2497
TR,Turkey,Eurocontrol,AE,United Arab Emirates,Middle East,0,0,0,0,0,0,1940,2481,2635,2884,2928,2841,3399,3464,3272
TR,Turkey,Eurocontrol,AT,Austria,Eurocontrol,3839,3844,3371,3914,4125,3589,3705,3879,3489,3977,4668,4623,5086,5192,5334
TR,Turkey,Eurocontrol,AZ,Azerbaijan,Asia,0,0,0,0,0,0,0,1864,2100,2466,3096,3613,4468,4302,4420
TR,Turkey,Eurocontrol,BE,Belgium,Eurocontrol,3089,2933,2839,3557,4517,4078,4394,4337,4504,4856,4994,5120,5349,5561,5504
TR,Turkey,Eurocontrol,CH,Switzerland,Eurocontrol,3073,2759,2766,3034,3499,2694,2887,3360,3591,3941,4355,4660,5108,5342,5590
TR,Turkey,Eurocontrol,CZ,Czechia,Eurocontrol,0,0,0,0,0,0,0,0,0,0,1858,1838,1869,1988,2430
TR,Turkey,Eurocontrol,DE,Germany,Eurocontrol,31246,33937,32828,35763,37365,33831,36923,38141,37724,42783,44775,45927,45812,49580,54162
TR,Turkey,Eurocontrol,DK,Denmark,Eurocontrol,0,0,0,1843,2359,2012,1947,2106,2288,2958,3481,3476,3786,3923,4071
TR,Turkey,Eurocontrol,DZ,Algeria,Africa,0,0,0,0,0,0,0,0,0,0,0,0,0,2082,2430
TR,Turkey,Eurocontrol,EG,Egypt,Middle East,0,0,0,0,0,0,0,0,1905,2482,2349,2467,3114,3208,3775
TR,Turkey,Eurocontrol,ES,Spain,Eurocontrol,0,0,0,0,0,0,1878,2205,2551,3088,3351,3384,3674,4625,5044
TR,Turkey,Eurocontrol,FI,Finland,Eurocontrol,0,0,0,0,0,0,0,0,0,0,0,0,0,2010,2111
TR,Turkey,Eurocontrol,FR,France,Eurocontrol,4951,5116,4714,5055,6042,6087,6376,6603,7122,8914,10228,10165,10265,11024,11701
TR,Turkey,Eurocontrol,GB,United Kingdom,Eurocontrol,6872,6957,7247,8766,10806,10921,12549,13682,15061,16429,15603,15178,16219,17497,17882
TR,Turkey,Eurocontrol,GE,Georgia,Eurocontrol,0,0,0,0,0,0,0,0,0,0,0,1851,2565,3143,3047
TR,Turkey,Eurocontrol,GR,Greece,Eurocontrol,0,0,0,0,2291,2247,2343,2364,2558,3124,3237,3611,4057,4601,5118
TR,Turkey,Eurocontrol,HU,Hungary,Eurocontrol,0,0,0,0,0,0,0,0,0,0,0,0,0,0,2146
TR,Turkey,Eurocontrol,IL,Israel,Middle East,2740,2637,2852,2613,3034,3164,3902,4912,3776,2681,2627,2981,4566,5332,5966
TR,Turkey,Eurocontrol,IQ,Iraq,Middle East,0,0,0,0,0,0,0,0,0,0,2087,3391,4054,4676,6556
TR,Turkey,Eurocontrol,IR,Iran,Middle East,0,0,0,0,0,0,0,2017,2710,3665,4910,5622,6165,8292,9167
TR,Turkey,Eurocontrol,IT,Italy,Eurocontrol,2925,2340,2172,2296,2851,3184,3888,4218,4267,5502,6902,7319,8441,9122,10350
TR,Turkey,Eurocontrol,JO,Jordan,Middle East,0,0,0,0,0,0,0,0,0,0,0,1949,2037,2247,2367
TR,Turkey,Eurocontrol,KW,Kuwait,Middle East,0,0,0,0,0,0,0,0,0,0,0,0,0,2147,2948
TR,Turkey,Eurocontrol,KZ,Kazakhstan,Asia,0,0,0,0,0,1984,2167,2449,2424,2612,3220,3318,3614,3905,3538
TR,Turkey,Eurocontrol,LB,Lebanon,Middle East,0,0,0,0,0,0,0,0,0,0,2430,2845,2852,3252,4516
TR,Turkey,Eurocontrol,LY,Libya,Africa,0,0,0,0,0,0,0,0,0,2369,0,3279,3657,3094,1945
TR,Turkey,Eurocontrol,NL,Netherlands,Eurocontrol,5318,6179,6399,7996,8597,7078,6826,6704,6819,7823,8247,8531,9363,9684,9632
TR,Turkey,Eurocontrol,NO,Norway,Eurocontrol,0,0,0,0,0,0,0,0,0,1858,2377,2711,2868,2347,2386
TR,Turkey,Eurocontrol,PL,Poland,Eurocontrol,0,0,0,0,0,0,0,2142,2285,2402,2654,2341,2318,2714,2830
TR,Turkey,Eurocontrol,QA,Qatar,Middle East,0,0,0,0,0,0,0,0,0,0,0,0,0,1960,3001
TR,Turkey,Eurocontrol,RO,Romania,Eurocontrol,0,0,0,0,0,0,2159,2527,2389,2312,2657,2739,2755,2843,2868
TR,Turkey,Eurocontrol,RS,Serbia,Eurocontrol,0,0,0,0,0,0,0,0,0,0,0,2340,3109,3409,3318
TR,Turkey,Eurocontrol,RU,Russia,Asia,7150,8545,9446,11677,12722,12415,14590,16158,16213,18949,20844,20929,24072,26301,21848
TR,Turkey,Eurocontrol,SA,Saudi Arabia,Middle East,0,0,0,2216,2663,2888,3519,4253,4245,4897,6348,7264,8056,9548,10433
TR,Turkey,Eurocontrol,SE,Sweden,Eurocontrol,0,0,0,0,1967,0,0,2013,2104,2925,3790,4117,4704,4650,4393
TR,Turkey,Eurocontrol,TR,Turkey,Eurocontrol,70125,62598,62084,81432,111567,146813,161275,166857,179454,218949,251633,265007,301873,329324,359224
TR,Turkey,Eurocontrol,UA,Ukraine,Eurocontrol,2372,3090,3301,3955,4750,5519,6491,7622,6425,6791,6893,7518,8557,6410,6790
TR,Turkey,Eurocontrol,US,United States,America,0,0,0,0,0,0,0,0,0,0,1853,2372,2688,2782,3344
UA,Ukraine,Eurocontrol,AE,United Arab Emirates,Middle East,0,0,0,0,0,0,0,0,0,0,0,0,2065,0,0
UA,Ukraine,Eurocontrol,AT,Austria,Eurocontrol,0,0,2028,2325,2672,3371,3792,4286,4028,3936,3825,3665,3500,2505,2337
UA,Ukraine,Eurocontrol,DE,Germany,Eurocontrol,0,0,0,1938,2552,3249,3357,3770,4606,5236,5314,5294,5354,4229,3684
UA,Ukraine,Eurocontrol,EG,Egypt,Middle East,0,0,0,0,0,0,2423,2997,0,2276,1869,0,1849,2155,1883
UA,Ukraine,Eurocontrol,FR,France,Eurocontrol,0,0,0,0,0,0,0,0,0,0,1832,1852,2013,0,0
UA,Ukraine,Eurocontrol,IL,Israel,Middle East,0,0,0,0,0,0,0,0,0,0,2167,2247,1992,1893,2092
UA,Ukraine,Eurocontrol,IT,Italy,Eurocontrol,0,0,0,0,0,0,1974,2027,1930,1896,1994,2160,2608,2132,0
UA,Ukraine,Eurocontrol,PL,Poland,Eurocontrol,0,0,0,0,0,0,1845,1949,1937,2138,2364,2870,2373,2650,2548
UA,Ukraine,Eurocontrol,RU,Russia,Asia,0,2232,7898,9462,9871,10541,11108,11945,11143,13959,16353,19294,21569,10728,7332
UA,Ukraine,Eurocontrol,TR,Turkey,Eurocontrol,1983,2831,3305,3983,4699,5421,6377,7472,6242,6637,6774,7213,8166,6135,6518
UA,Ukraine,Eurocontrol,UA,Ukraine,Eurocontrol,0,8636,33159,37078,34306,37311,38932,39040,31336,33004,33210,34749,31054,17385,12254
US,United States,America,AE,United Arab Emirates,Middle East,0,0,0,0,0,0,0,1904,2901,3391,4112,4268,4780,5948,7419
US,United States,America,BE,Belgium,Eurocontrol,5184,3782,3845,4102,4322,4202,4778,5411,4700,5161,5532,4901,4404,4326,4841
US,United States,America,CH,Switzerland,Eurocontrol,5931,4733,4888,4684,4880,5059,5633,5589,5416,5971,6295,6330,6385,6469,6476
US,United States,America,DE,Germany,Eurocontrol,19982,19809,21513,22835,24279,25697,27154,27560,25155,26220,27739,27286,26316,25744,25622
US,United States,America,DK,Denmark,Eurocontrol,0,0,0,0,0,1951,2160,1962,0,0,0,0,0,2314,2543
US,United States,America,ES,Spain,Eurocontrol,5091,4411,4542,4282,4201,4543,5308,6018,6444,7122,7861,7301,6969,7411,7728
US,United States,America,FR,France,Eurocontrol,17947,16690,15794,16799,17100,17032,17268,18459,17197,17126,18347,17503,17678,17653,18223
US,United States,America,GB,United Kingdom,Eurocontrol,45957,44846,44382,46586,48221,49161,51470,50451,44143,42956,45887,45856,45739,47195,49451
US,United States,America,IE,Ireland,Eurocontrol,4821,3845,4661,4629,5513,6178,6807,7249,6399,5621,5892,5417,6041,6501,7108
US,United States,America,IL,Israel,Middle East,0,0,0,0,1938,2401,2644,2761,2746,2905,2770,2667,2708,2723,2814
US,United States,America,IN,India,Asia,0,0,0,0,0,0,0,2130,1954,0,2131,0,1826,0,1845
US,United States,America,IT,Italy,Eurocontrol,7638,6906,6820,7530,7879,8360,9154,9174,7838,7743,7500,6948,6955,7838,8261
US,United States,America,NL,Netherlands,Eurocontrol,10806,10719,10925,11913,12540,11895,12337,13287,11537,11389,11993,11530,11592,11776,12395
US,United States,America,QA,Qatar,Middle East,0,0,0,0,0,0,0,0,0,0,0,0,0,2069,2491
US,United States,America,RU,Russia,Asia,0,0,0,0,0,0,0,0,2038,2037,2410,2441,2621,2649,2466
US,United States,America,TR,Turkey,Eurocontrol,0,0,0,0,0,0,0,0,0,0,1847,2429,2712,2817,3407
ZA,South Africa,Africa,GB,United Kingdom,Eurocontrol,2549,2548,2739,2949,2888,2896,2934,2869,2872,2822,2811,2762,2576,2562,2521
